id,first_name,last_name,gender,email,Fuente
1,Barris,Scolts,Female,bscolts0@narod.ru,CSV
1,Bibi,Roseburgh,Male,broseburgh0@free.fr,Excel
1,Hattie,Trattles,Male,htrattles0@themeforest.net,JSON
1,Oralle,Ivankin,Female,oivankin0@gov.uk,XML
2,Frederique,Gaunter,Female,fgaunter1@eepurl.com,JSON
2,Kenon,Addison,Male,kaddison1@gov.uk,XML
2,Lucine,Torrejon,Male,ltorrejon1@gnu.org,CSV
2,Wood,Giabuzzi,Female,wgiabuzzi1@google.nl,Excel
3,Helaine,Haskett,Male,hhaskett2@oaic.gov.au,XML
3,Kennett,Erricker,Female,kerricker2@businessinsider.com,Excel
3,Rosalinde,Manketell,Female,rmanketell2@vkontakte.ru,JSON
3,Tedie,Allon,Female,tallon2@odnoklassniki.ru,CSV
4,Arlen,Rackam,Male,arackam3@weebly.com,Excel
4,Cecilius,Elloy,Female,celloy3@eventbrite.com,XML
4,Merci,Millichap,Female,mmillichap3@wired.com,CSV
4,Roy,Caughan,Male,rcaughan3@kickstarter.com,JSON
5,Adriano,Moxsom,Female,amoxsom4@oakley.com,CSV
5,Bianca,Gant,Agender,bgant4@discovery.com,XML
5,Ira,Easterfield,Male,ieasterfield4@msu.edu,JSON
5,Lawrence,Baldi,Non-binary,lbaldi4@hhs.gov,Excel
6,Cyndia,Pulham,Male,cpulham5@blogtalkradio.com,JSON
6,Elsa,Karlolak,Female,ekarlolak5@digg.com,Excel
6,Georas,Rushsorth,Female,grushsorth5@ucoz.ru,XML
6,Tildie,Buttler,Male,tbuttler5@google.de,CSV
7,Elianora,Sertin,Male,esertin6@shinystat.com,CSV
7,Gunar,Jerrom,Female,gjerrom6@noaa.gov,XML
7,Ianthe,Smitton,Polygender,ismitton6@topsy.com,JSON
7,Lise,Teanby,Male,lteanby6@xing.com,Excel
8,Curt,Rowcliffe,Non-binary,crowcliffe7@devhub.com,XML
8,Ellynn,Fryer,Male,efryer7@godaddy.com,CSV
8,Morie,Gilogly,Female,mgilogly7@loc.gov,JSON
8,Shelden,MacNeilly,Male,smacneilly7@chronoengine.com,Excel
9,Colby,Heustice,Female,cheustice8@live.com,XML
9,Diego,Scampion,Male,dscampion8@earthlink.net,JSON
9,Marion,Ebdon,Female,mebdon8@vk.com,CSV
9,Wandie,McVie,Male,wmcvie8@last.fm,Excel
10,Caitrin,Boom,Female,cboom9@about.com,Excel
10,Hakeem,Bestwall,Female,hbestwall9@gnu.org,XML
10,Jelene,Purtell,Female,jpurtell9@google.pl,JSON
10,Nanine,Jeune,Female,njeune9@hatena.ne.jp,CSV
11,Igor,Melluish,Female,imelluisha@histats.com,XML
11,Papageno,Padula,Male,ppadulaa@topsy.com,JSON
11,Petunia,Skim,Male,pskima@rambler.ru,CSV
11,Rossie,Lube,Female,rlubea@surveymonkey.com,Excel
12,Haslett,Maxsted,Female,hmaxstedb@techcrunch.com,CSV
12,Hetti,Hoys,Female,hhoysb@ehow.com,Excel
12,Pedro,Veldstra,Female,pveldstrab@bloglovin.com,XML
12,Vasili,Feldharker,Male,vfeldharkerb@domainmarket.com,JSON
13,Charlena,Tussaine,Male,ctussainec@addthis.com,XML
13,Doralyn,Runcieman,Female,drunciemanc@rediff.com,Excel
13,Dorette,Lindell,Male,dlindellc@tiny.cc,CSV
13,Kath,Maass,Male,kmaassc@ask.com,JSON
14,Kellby,Mill,Male,kmilld@lulu.com,CSV
14,Pincas,Lamden,Female,plamdend@deliciousdays.com,JSON
14,Shandra,Alban,Non-binary,salband@mayoclinic.com,XML
14,Vernice,Domotor,Male,vdomotord@printfriendly.com,Excel
15,Berti,Burchell,Female,bburchelle@php.net,Excel
15,Boyd,MacKonochie,Female,bmackonochiee@yahoo.co.jp,JSON
15,Ellary,Plaschke,Female,eplaschkee@sciencedirect.com,XML
15,Lincoln,Davidowich,Female,ldavidowiche@ustream.tv,CSV
16,Danie,Castellone,Female,dcastellonef@princeton.edu,XML
16,Dion,Strugnell,Female,dstrugnellf@globo.com,CSV
16,Kiley,Longmore,Female,klongmoref@surveymonkey.com,JSON
16,Rudyard,Stratton,Male,rstrattonf@xrea.com,Excel
17,Aubrie,Philson,Male,aphilsong@e-recht24.de,CSV
17,Dolf,Rickett,Female,drickettg@jigsy.com,Excel
17,Gard,Dumphreys,Female,gdumphreysg@taobao.com,XML
17,Marc,Ortell,Female,mortellg@over-blog.com,JSON
18,Elia,McCleod,Male,emccleodh@nasa.gov,XML
18,Heida,Kochel,Genderqueer,hkochelh@trellian.com,CSV
18,Martha,O'Meara,Female,momearah@arizona.edu,JSON
18,Skipton,Ashborn,Male,sashbornh@sphinn.com,Excel
19,Amber,Kerss,Female,akerssi@about.me,Excel
19,Arthur,Defau,Female,adefaui@whitehouse.gov,CSV
19,Jeanelle,Eveling,Male,jevelingi@globo.com,JSON
19,Rochella,Bourdas,Female,rbourdasi@mac.com,XML
20,Ailyn,Caseborne,Female,acasebornej@noaa.gov,JSON
20,Jen,Vobes,Male,jvobesj@abc.net.au,XML
20,Portie,Menear,Female,pmenearj@harvard.edu,CSV
20,Sutherland,Penniall,Bigender,spenniallj@seesaa.net,Excel
21,Callie,Trengrouse,Male,ctrengrousek@about.com,Excel
21,Hussein,Kayes,Genderfluid,hkayesk@over-blog.com,XML
21,Mitchell,Lythgoe,Polygender,mlythgoek@census.gov,CSV
21,Osmund,Van Haeften,Female,ovanhaeftenk@army.mil,JSON
22,Emmet,Valentinuzzi,Male,evalentinuzzil@dell.com,XML
22,Gregg,Kitcatt,Female,gkitcattl@wsj.com,CSV
22,Lorelle,Charrisson,Male,lcharrissonl@utexas.edu,Excel
22,Regen,Sergison,Female,rsergisonl@mozilla.org,JSON
23,Cherilynn,Ebbin,Male,cebbinm@51.la,CSV
23,Inigo,Westwater,Female,iwestwaterm@miibeian.gov.cn,XML
23,Minta,Kubyszek,Female,mkubyszekm@domainmarket.com,Excel
23,Say,Epdell,Male,sepdellm@virginia.edu,JSON
24,Emelita,Dufore,Female,eduforen@walmart.com,XML
24,Lettie,Sill,Female,lsilln@sbwire.com,JSON
24,Lia,Draye,Male,ldrayen@qq.com,Excel
24,Min,Creasy,Male,mcreasyn@biglobe.ne.jp,CSV
25,Ber,Bess,Agender,bbesso@wunderground.com,CSV
25,Carey,Thowes,Female,cthoweso@unesco.org,XML
25,Desmond,Dionsetti,Male,ddionsettio@about.com,Excel
25,Dina,Shanklin,Female,dshanklino@jigsy.com,JSON
26,Breanne,Jeger,Male,bjegerp@elegantthemes.com,CSV
26,Chelsae,McKinnon,Male,cmckinnonp@gizmodo.com,Excel
26,Georg,Osmund,Male,gosmundp@mysql.com,JSON
26,Hermine,Faireclough,Male,hfairecloughp@netscape.com,XML
27,Dicky,Andor,Male,dandorq@oracle.com,XML
27,Izzy,Lalevee,Male,ilaleveeq@nba.com,CSV
27,Shaine,Guinnane,Female,sguinnaneq@cafepress.com,JSON
27,Valina,Dumbar,Female,vdumbarq@bing.com,Excel
28,Alain,MacRirie,Male,amacririer@slate.com,CSV
28,Angelica,Wilsey,Female,awilseyr@boston.com,Excel
28,Rossie,Cafferky,Genderfluid,rcafferkyr@theglobeandmail.com,XML
28,Zarla,Ziem,Female,zziemr@youtu.be,JSON
29,Aleece,Ondrousek,Male,aondrouseks@amazon.de,Excel
29,Janella,O'Regan,Male,joregans@fema.gov,JSON
29,Jorgan,Masse,Male,jmasses@sfgate.com,CSV
29,Louise,MacAleese,Female,lmacaleeses@cisco.com,XML
30,Amalee,Oldrey,Female,aoldreyt@google.com.br,XML
30,Kati,Colbridge,Male,kcolbridget@wordpress.com,JSON
30,Lurette,Tidy,Female,ltidyt@cpanel.net,CSV
30,Othilie,Tuddenham,Non-binary,otuddenhamt@ocn.ne.jp,Excel
31,Alessandra,Spawforth,Bigender,aspawforthu@vk.com,XML
31,Carlin,O'Drought,Female,codroughtu@ezinearticles.com,JSON
31,Frans,Aslin,Female,faslinu@eventbrite.com,CSV
31,Lambert,Clemence,Female,lclemenceu@springer.com,Excel
32,Cassie,Eskell,Female,ceskellv@cam.ac.uk,CSV
32,Joela,Wardhough,Non-binary,jwardhoughv@stanford.edu,JSON
32,Lynda,Marrison,Female,lmarrisonv@wix.com,XML
32,Robinia,Bendig,Male,rbendigv@mapy.cz,Excel
33,Jo-anne,Colbron,Genderqueer,jcolbronw@disqus.com,JSON
33,Lynnette,Keohane,Male,lkeohanew@spiegel.de,Excel
33,Morley,Schimek,Genderqueer,mschimekw@oracle.com,CSV
33,Wald,Mc Faul,Female,wmcfaulw@army.mil,XML
34,Agnes,Skuse,Female,askusex@prweb.com,JSON
34,Gunther,Cregeen,Male,gcregeenx@toplist.cz,CSV
34,Marlo,Stait,Bigender,mstaitx@alibaba.com,Excel
34,Vladamir,Greetham,Male,vgreethamx@nationalgeographic.com,XML
35,Adelbert,Tockell,Female,atockelly@ameblo.jp,Excel
35,Feliza,Glew,Female,fglewy@craigslist.org,XML
35,Kirbee,Axtonne,Female,kaxtonney@dyndns.org,JSON
35,Petronia,Crowley,Male,pcrowleyy@simplemachines.org,CSV
36,Alexander,Dorey,Male,adoreyz@sina.com.cn,Excel
36,Fredericka,Grasner,Female,fgrasnerz@foxnews.com,JSON
36,Law,Tiffany,Male,ltiffanyz@wiley.com,XML
36,Lucien,Reames,Female,lreamesz@dion.ne.jp,CSV
37,Almira,Rodrig,Female,arodrig10@addtoany.com,CSV
37,Gabbi,Johns,Male,gjohns10@army.mil,XML
37,Griffy,Mor,Female,gmor10@tripadvisor.com,JSON
37,Karyn,Zeal,Female,kzeal10@skype.com,Excel
38,Bambi,Fullagar,Female,bfullagar11@gmpg.org,XML
38,Logan,Middle,Female,lmiddle11@amazon.co.jp,CSV
38,Manny,Malby,Male,mmalby11@opensource.org,JSON
38,Tana,Belliveau,Bigender,tbelliveau11@vinaora.com,Excel
39,Biddie,Hambright,Female,bhambright12@booking.com,JSON
39,Dasha,Mardy,Male,dmardy12@businessinsider.com,XML
39,Kally,Zannotti,Female,kzannotti12@people.com.cn,CSV
39,Rhodia,Servant,Female,rservant12@devhub.com,Excel
40,Aile,Tellett,Male,atellett13@cnn.com,Excel
40,Fabian,Brunetti,Female,fbrunetti13@mtv.com,JSON
40,Suzi,Kemwall,Male,skemwall13@nba.com,CSV
40,Xena,Brisson,Male,xbrisson13@chronoengine.com,XML
41,Jasmine,Boissier,Male,jboissier14@telegraph.co.uk,JSON
41,Jodee,De Hooge,Male,jdehooge14@deviantart.com,Excel
41,Murry,Frogley,Female,mfrogley14@cdbaby.com,CSV
41,Valerye,Godart,Male,vgodart14@ed.gov,XML
42,Candi,Reilly,Male,creilly15@facebook.com,CSV
42,Chariot,Causer,Genderqueer,ccauser15@gov.uk,Excel
42,Glenine,Willox,Female,gwillox15@elegantthemes.com,XML
42,Glynda,Davidai,Male,gdavidai15@ucoz.ru,JSON
43,Anders,Mullen,Male,amullen16@seesaa.net,JSON
43,Borden,Costellow,Genderfluid,bcostellow16@indiatimes.com,Excel
43,Kevin,O'Murtagh,Male,komurtagh16@deviantart.com,CSV
43,Lindsey,Klimaszewski,Male,lklimaszewski16@usatoday.com,XML
44,Arny,Ducker,Female,aducker17@hao123.com,CSV
44,Ethel,Allone,Female,eallone17@loc.gov,JSON
44,Kris,Hartell,Male,khartell17@nps.gov,Excel
44,Rora,Hullyer,Male,rhullyer17@europa.eu,XML
45,Delia,Brian,Male,dbrian18@bluehost.com,XML
45,Elizabeth,Crimp,Male,ecrimp18@myspace.com,CSV
45,Joanie,Cullen,Female,jcullen18@1688.com,JSON
45,Jocelin,Tyrer,Female,jtyrer18@people.com.cn,Excel
46,Cindie,Kropach,Male,ckropach19@tumblr.com,CSV
46,Eldin,Rosenfield,Female,erosenfield19@cloudflare.com,Excel
46,Gunner,Morkham,Male,gmorkham19@friendfeed.com,JSON
46,Jorgan,McClounan,Female,jmcclounan19@g.co,XML
47,Abran,Yurasov,Female,ayurasov1a@soundcloud.com,XML
47,Benji,Fonzo,Female,bfonzo1a@alexa.com,JSON
47,Harris,Scholey,Male,hscholey1a@mtv.com,Excel
47,Krysta,Olliar,Female,kolliar1a@google.com.hk,CSV
48,Daryl,Eaglestone,Male,deaglestone1b@bbb.org,XML
48,Lynnette,Kildale,Male,lkildale1b@army.mil,Excel
48,Maxi,Abramin,Female,mabramin1b@ihg.com,JSON
48,Neale,Gregson,Polygender,ngregson1b@go.com,CSV
49,Gorden,Donnel,Polygender,gdonnel1c@barnesandnoble.com,Excel
49,Tommy,Harston,Male,tharston1c@storify.com,CSV
49,Trumaine,Seedhouse,Male,tseedhouse1c@hao123.com,JSON
49,Willy,Tutt,Male,wtutt1c@weibo.com,XML
50,Michele,Addicott,Female,maddicott1d@yahoo.com,JSON
50,Taffy,Pinel,Male,tpinel1d@bloglines.com,CSV
50,Tove,Verrills,Male,tverrills1d@myspace.com,Excel
50,Wolf,Richel,Female,wrichel1d@virginia.edu,XML
51,Sarah,Babonau,Female,sbabonau1e@pcworld.com,Excel
51,Selle,McCritichie,Male,smccritichie1e@livejournal.com,CSV
51,Tome,Vogele,Agender,tvogele1e@rambler.ru,XML
51,Valaria,Badam,Agender,vbadam1e@hatena.ne.jp,JSON
52,Dona,Hidderley,Male,dhidderley1f@cargocollective.com,CSV
52,Hyman,Wilacot,Female,hwilacot1f@livejournal.com,Excel
52,Myles,Jacquemot,Female,mjacquemot1f@privacy.gov.au,XML
52,Penny,Austick,Male,paustick1f@cmu.edu,JSON
53,Bjorn,Schulkins,Male,bschulkins1g@sourceforge.net,CSV
53,Claudell,Bantham,Male,cbantham1g@jigsy.com,XML
53,Rollie,Saull,Male,rsaull1g@blinklist.com,Excel
53,Thibaut,Dorro,Female,tdorro1g@infoseek.co.jp,JSON
54,Gianna,Deniscke,Female,gdeniscke1h@cdc.gov,JSON
54,Malva,Kleinsinger,Male,mkleinsinger1h@google.ca,Excel
54,Maud,Perry,Female,mperry1h@amazon.co.jp,XML
54,Trix,Starcks,Male,tstarcks1h@parallels.com,CSV
55,Helge,Ledwith,Male,hledwith1i@nbcnews.com,XML
55,Jeniece,Coppock.,Male,jcoppock1i@networksolutions.com,Excel
55,Tandy,Peealess,Male,tpeealess1i@nih.gov,JSON
55,Welsh,Circuit,Male,wcircuit1i@examiner.com,CSV
56,Gleda,Farbrace,Female,gfarbrace1j@gov.uk,JSON
56,Idaline,Powdrill,Male,ipowdrill1j@mapquest.com,Excel
56,Junette,Roomes,Female,jroomes1j@bluehost.com,XML
56,Walden,Handover,Female,whandover1j@ucsd.edu,CSV
57,Armstrong,Bernette,Male,abernette1k@admin.ch,JSON
57,Demetris,Miskelly,Female,dmiskelly1k@joomla.org,Excel
57,Perl,Pynn,Male,ppynn1k@tripadvisor.com,XML
57,Stavros,Clemes,Female,sclemes1k@economist.com,CSV
58,Andras,Pymar,Male,apymar1l@yolasite.com,CSV
58,Dulciana,Starford,Female,dstarford1l@admin.ch,Excel
58,Marsha,Oxer,Male,moxer1l@hao123.com,XML
58,Pierre,O'Currigan,Female,pocurrigan1l@people.com.cn,JSON
59,Bunnie,Souttar,Female,bsouttar1m@nationalgeographic.com,CSV
59,Carmina,Caush,Female,ccaush1m@slideshare.net,XML
59,Jeanette,Askam,Male,jaskam1m@bloglovin.com,Excel
59,Lockwood,Hellwich,Male,lhellwich1m@xrea.com,JSON
60,Alicea,Goburn,Female,agoburn1n@yale.edu,JSON
60,Elspeth,Kubczak,Male,ekubczak1n@google.ru,CSV
60,Fara,Leneve,Female,fleneve1n@forbes.com,Excel
60,Zea,Pattrick,Female,zpattrick1n@apple.com,XML
61,Abbi,Gather,Female,agather1o@oaic.gov.au,CSV
61,Kristofor,Shackelton,Male,kshackelton1o@ow.ly,Excel
61,Marmaduke,Cumo,Male,mcumo1o@deliciousdays.com,JSON
61,Silvia,Hasnney,Male,shasnney1o@mysql.com,XML
62,Leicester,Lopez,Female,llopez1p@google.de,XML
62,Lilian,Rudolph,Female,lrudolph1p@exblog.jp,Excel
62,Maynord,Furbank,Female,mfurbank1p@rambler.ru,CSV
62,Shari,Gillmore,Female,sgillmore1p@opensource.org,JSON
63,Clevie,Ottery,Male,cottery1q@imageshack.us,JSON
63,Fairlie,Huison,Male,fhuison1q@tmall.com,Excel
63,Leta,Rontree,Female,lrontree1q@unesco.org,XML
63,Mitchell,Maughan,Female,mmaughan1q@wordpress.com,CSV
64,Colas,Eynaud,Female,ceynaud1r@over-blog.com,JSON
64,Forster,Beadel,Male,fbeadel1r@google.ru,CSV
64,Meryl,Butt Gow,Male,mbuttgow1r@furl.net,Excel
64,Phedra,Shillington,Male,pshillington1r@shareasale.com,XML
65,Conni,Stamps,Female,cstamps1s@nyu.edu,CSV
65,Rosalind,Gant,Male,rgant1s@arstechnica.com,JSON
65,Stephana,Yoxall,Female,syoxall1s@pen.io,XML
65,Tiffani,Satcher,Female,tsatcher1s@goodreads.com,Excel
66,Gamaliel,Moules,Female,gmoules1t@omniture.com,CSV
66,Jolyn,Cossar,Male,jcossar1t@boston.com,Excel
66,Kimberlyn,Rowthorn,Female,krowthorn1t@canalblog.com,XML
66,Ruprecht,Ovitts,Male,rovitts1t@360.cn,JSON
67,Ag,Rowet,Polygender,arowet1u@deviantart.com,CSV
67,Alvin,Rowbottam,Female,arowbottam1u@privacy.gov.au,JSON
67,Maryanne,Jedryka,Female,mjedryka1u@pen.io,XML
67,Sollie,Birdsey,Male,sbirdsey1u@java.com,Excel
68,Cash,Remnant,Female,cremnant1v@nih.gov,XML
68,Jozef,Revington,Female,jrevington1v@edublogs.org,Excel
68,Kayne,Pregel,Male,kpregel1v@spotify.com,JSON
68,Lorne,May,Female,lmay1v@foxnews.com,CSV
69,Bax,Suckling,Male,bsuckling1w@canalblog.com,JSON
69,Bucky,Besantie,Female,bbesantie1w@sina.com.cn,CSV
69,Lucila,Otridge,Female,lotridge1w@lycos.com,XML
69,Mirabel,Khidr,Female,mkhidr1w@intel.com,Excel
70,Danella,Cossor,Agender,dcossor1x@wired.com,XML
70,Lesya,Valentinetti,Male,lvalentinetti1x@imdb.com,Excel
70,Otto,Pelos,Female,opelos1x@baidu.com,CSV
70,Tine,Besnard,Male,tbesnard1x@seesaa.net,JSON
71,Adriane,MacDonough,Male,amacdonough1y@dyndns.org,JSON
71,Julius,Gillespie,Female,jgillespie1y@indiegogo.com,Excel
71,Sharity,Divill,Female,sdivill1y@simplemachines.org,XML
71,Theresita,Pinner,Female,tpinner1y@blogspot.com,CSV
72,Erie,McDuff,Male,emcduff1z@imageshack.us,XML
72,Faunie,Pantling,Female,fpantling1z@prlog.org,Excel
72,Gram,Basillon,Female,gbasillon1z@acquirethisname.com,JSON
72,Marlin,Fulcher,Male,mfulcher1z@mozilla.org,CSV
73,Evelin,Somerfield,Female,esomerfield20@reference.com,XML
73,Kain,Kellaway,Male,kkellaway20@pbs.org,Excel
73,Niven,Vibert,Male,nvibert20@bbb.org,CSV
73,Robers,Chisolm,Female,rchisolm20@admin.ch,JSON
74,Amalea,Ritson,Male,aritson21@mac.com,Excel
74,Cathe,Weeke,Female,cweeke21@biglobe.ne.jp,XML
74,Nolana,Squier,Female,nsquier21@disqus.com,CSV
74,Xenos,Laughlin,Male,xlaughlin21@cbslocal.com,JSON
75,Georg,Stollenhof,Female,gstollenhof22@engadget.com,CSV
75,Germaine,Greenway,Male,ggreenway22@twitter.com,JSON
75,Ives,Dovydenas,Bigender,idovydenas22@skype.com,XML
75,Nobe,Fendlow,Male,nfendlow22@moonfruit.com,Excel
76,Bartholomeo,Wilkisson,Female,bwilkisson23@hp.com,Excel
76,Neddy,Nazair,Male,nnazair23@shop-pro.jp,XML
76,Tiphani,Cownden,Non-binary,tcownden23@1und1.de,JSON
76,Yehudi,Forseith,Female,yforseith23@sbwire.com,CSV
77,Eddie,Geraudel,Male,egeraudel24@cargocollective.com,JSON
77,Pepito,Eastam,Female,peastam24@simplemachines.org,Excel
77,Raul,Shortin,Female,rshortin24@wiley.com,CSV
77,Viola,Gaunson,Female,vgaunson24@jimdo.com,XML
78,Drusie,Lower,Male,dlower25@walmart.com,Excel
78,Erny,Emanson,Male,eemanson25@cdbaby.com,XML
78,Ethelin,Suggate,Male,esuggate25@marketwatch.com,JSON
78,Felicia,Kuller,Female,fkuller25@reuters.com,CSV
79,Fabiano,Akker,Female,fakker26@twitpic.com,Excel
79,Goober,Dun,Female,gdun26@feedburner.com,JSON
79,Vally,Aprahamian,Male,vaprahamian26@jugem.jp,CSV
79,Veronike,Pargetter,Male,vpargetter26@trellian.com,XML
80,Dasha,Vell,Male,dvell27@mysql.com,CSV
80,Janith,Rankine,Male,jrankine27@yelp.com,XML
80,Latrena,Mahedy,Female,lmahedy27@opensource.org,JSON
80,Lorrayne,Trippick,Male,ltrippick27@scientificamerican.com,Excel
81,Bette-ann,Limeburn,Male,blimeburn28@livejournal.com,JSON
81,Danny,Cossum,Bigender,dcossum28@va.gov,Excel
81,Lishe,Filippozzi,Male,lfilippozzi28@parallels.com,CSV
81,Marcello,Beane,Male,mbeane28@canalblog.com,XML
82,Ardra,Bird,Female,abird29@blogtalkradio.com,JSON
82,Bartel,Bett,Male,bbett29@cyberchimps.com,CSV
82,Lindy,Insall,Female,linsall29@mozilla.org,Excel
82,Mannie,Caukill,Female,mcaukill29@bing.com,XML
83,Isidora,Kleinber,Male,ikleinber2a@arstechnica.com,CSV
83,Kayne,McOwen,Female,kmcowen2a@w3.org,Excel
83,Loralyn,Klosges,Male,lklosges2a@sciencedaily.com,JSON
83,Lula,Menier,Female,lmenier2a@blogs.com,XML
84,Hastie,Fortun,Female,hfortun2b@yandex.ru,Excel
84,Ilaire,Sleith,Male,isleith2b@prnewswire.com,JSON
84,Jennilee,Caudrelier,Non-binary,jcaudrelier2b@dell.com,CSV
84,Leland,Kelloch,Female,lkelloch2b@economist.com,XML
85,Clive,Winscomb,Female,cwinscomb2c@fotki.com,JSON
85,Phyllis,Brobak,Male,pbrobak2c@ycombinator.com,XML
85,Tova,Bairnsfather,Polygender,tbairnsfather2c@qq.com,Excel
85,Whitman,Rooney,Female,wrooney2c@theatlantic.com,CSV
86,Birgit,Helbeck,Male,bhelbeck2d@cbc.ca,Excel
86,Dulcea,Swift,Male,dswift2d@apple.com,CSV
86,Neale,Goring,Female,ngoring2d@elpais.com,JSON
86,Sheilakathryn,Ainger,Male,sainger2d@globo.com,XML
87,Craggy,Maskell,Bigender,cmaskell2e@nydailynews.com,Excel
87,Ginger,Blenkin,Female,gblenkin2e@t.co,CSV
87,Moe,Catterson,Male,mcatterson2e@cisco.com,JSON
87,Peggi,Hedgeley,Female,phedgeley2e@rediff.com,XML
88,Coreen,Dollar,Male,cdollar2f@google.ru,CSV
88,Noell,MacTrustrie,Female,nmactrustrie2f@reddit.com,XML
88,Raquela,Trethowan,Male,rtrethowan2f@nhs.uk,Excel
88,Rea,Gravet,Male,rgravet2f@chron.com,JSON
89,Giselle,Doerr,Male,gdoerr2g@drupal.org,CSV
89,Loise,Senescall,Female,lsenescall2g@amazon.com,JSON
89,Maisie,Tweede,Female,mtweede2g@ted.com,XML
89,Thia,Sutcliffe,Male,tsutcliffe2g@loc.gov,Excel
90,Austin,McCurlye,Male,amccurlye2h@thetimes.co.uk,CSV
90,Candice,Claiton,Female,cclaiton2h@cbc.ca,JSON
90,Dulci,Matic,Male,dmatic2h@cargocollective.com,XML
90,Elsinore,Gwilliams,Female,egwilliams2h@auda.org.au,Excel
91,Audrie,Langcaster,Male,alangcaster2i@tripadvisor.com,XML
91,Granthem,Sutherel,Genderqueer,gsutherel2i@ted.com,Excel
91,Lorena,Bonney,Female,lbonney2i@google.com.br,JSON
91,Quill,Gladstone,Female,qgladstone2i@illinois.edu,CSV
92,Arlana,Camamile,Female,acamamile2j@adobe.com,JSON
92,Barbi,Whitham,Female,bwhitham2j@ebay.co.uk,XML
92,Donnamarie,Rapaport,Female,drapaport2j@topsy.com,Excel
92,Paco,Toderini,Male,ptoderini2j@bloglovin.com,CSV
93,Amalle,Stonhouse,Male,astonhouse2k@google.com.br,Excel
93,Dorree,Derr,Female,dderr2k@mozilla.com,JSON
93,Marigold,Joseph,Male,mjoseph2k@constantcontact.com,XML
93,Tommie,MacFaul,Genderqueer,tmacfaul2k@cnn.com,CSV
94,Antonino,Elger,Genderfluid,aelger2l@ifeng.com,JSON
94,Bing,Atling,Female,batling2l@bandcamp.com,XML
94,Juana,Bowen,Male,jbowen2l@homestead.com,CSV
94,Pyotr,Morson,Male,pmorson2l@boston.com,Excel
95,Andonis,Bugbird,Male,abugbird2m@redcross.org,Excel
95,Corissa,O'Crevy,Female,cocrevy2m@hibu.com,CSV
95,Darcey,Le Grand,Male,dlegrand2m@cdbaby.com,JSON
95,Eldredge,Speedin,Female,espeedin2m@msn.com,XML
96,Blanca,Shearer,Agender,bshearer2n@plala.or.jp,Excel
96,Ezequiel,Kaye,Genderqueer,ekaye2n@ucoz.com,JSON
96,Nathanil,Tickle,Male,ntickle2n@themeforest.net,CSV
96,Zulema,Toller,Male,ztoller2n@cmu.edu,XML
97,Clemens,Brearty,Female,cbrearty2o@huffingtonpost.com,Excel
97,Dorolice,Goggen,Female,dgoggen2o@theglobeandmail.com,JSON
97,Grantham,Perez,Female,gperez2o@gnu.org,XML
97,Lenora,Boffin,Male,lboffin2o@marketwatch.com,CSV
98,Austin,Lydon,Male,alydon2p@unesco.org,JSON
98,Bell,Oldroyde,Female,boldroyde2p@eepurl.com,XML
98,Galina,Loveday,Male,gloveday2p@seesaa.net,Excel
98,Lillis,Wenzel,Female,lwenzel2p@clickbank.net,CSV
99,Bobina,Anmore,Male,banmore2q@4shared.com,Excel
99,Hamid,Dansie,Polygender,hdansie2q@pagesperso-orange.fr,JSON
99,Peter,McCrainor,Male,pmccrainor2q@bigcartel.com,XML
99,Solomon,Midlar,Female,smidlar2q@w3.org,CSV
100,Ferris,Defty,Male,fdefty2r@cornell.edu,CSV
100,Fields,Fairbairn,Male,ffairbairn2r@google.com.au,XML
100,Latia,Clarridge,Female,lclarridge2r@symantec.com,JSON
100,Tabbie,Glew,Male,tglew2r@blogs.com,Excel
101,Jeane,Wyley,Genderqueer,jwyley2s@adobe.com,XML
101,Jerrold,Bartaloni,Male,jbartaloni2s@theglobeandmail.com,JSON
101,Marianne,Urlin,Male,murlin2s@techcrunch.com,CSV
102,Ced,Creenan,Male,ccreenan2t@multiply.com,CSV
102,Gris,Casper,Male,gcasper2t@un.org,JSON
102,Jany,Velti,Male,jvelti2t@stumbleupon.com,XML
103,Levi,Boat,Female,lboat2u@dyndns.org,JSON
103,Neda,Eisak,Male,neisak2u@artisteer.com,XML
103,Obediah,Jorgensen,Non-binary,ojorgensen2u@google.it,CSV
104,Delmore,Drowsfield,Female,ddrowsfield2v@slashdot.org,CSV
104,Dev,Belchamp,Bigender,dbelchamp2v@yahoo.co.jp,XML
104,Emory,Littlefair,Female,elittlefair2v@columbia.edu,JSON
105,Alain,Corradengo,Female,acorradengo2w@vinaora.com,XML
105,Jerrilee,Murton,Female,jmurton2w@paginegialle.it,CSV
105,Meier,Hammerton,Male,mhammerton2w@google.fr,JSON
106,Emelda,Ramsell,Male,eramsell2x@cargocollective.com,XML
106,Ginevra,Machon,Bigender,gmachon2x@unicef.org,CSV
106,Hoyt,Adamovicz,Bigender,hadamovicz2x@timesonline.co.uk,JSON
107,Ky,Crannach,Male,kcrannach2y@lycos.com,CSV
107,Shem,Cleall,Male,scleall2y@drupal.org,XML
107,Teddy,Lasty,Male,tlasty2y@paypal.com,JSON
108,Aurilia,Feedham,Female,afeedham2z@oaic.gov.au,CSV
108,Robinet,Scragg,Male,rscragg2z@gravatar.com,XML
108,Sallyann,Tilley,Female,stilley2z@ow.ly,JSON
109,Boothe,Andreone,Male,bandreone30@adobe.com,CSV
109,Josefa,Pople,Female,jpople30@reference.com,JSON
109,Sunny,Bickerstaff,Male,sbickerstaff30@nymag.com,XML
110,Irwin,Glasson,Male,iglasson31@hatena.ne.jp,XML
110,Pandora,Stopp,Female,pstopp31@ibm.com,CSV
110,Sisely,Fincher,Agender,sfincher31@woothemes.com,JSON
111,Ronald,Ishaki,Female,rishaki32@china.com.cn,CSV
111,Sinclair,Jacobs,Female,sjacobs32@rambler.ru,JSON
111,Zulema,Gallacher,Agender,zgallacher32@dedecms.com,XML
112,Inglis,Billion,Female,ibillion33@typepad.com,XML
112,Jule,MacKaile,Male,jmackaile33@admin.ch,JSON
112,Zenia,Middlemass,Male,zmiddlemass33@ifeng.com,CSV
113,Constantine,Vigietti,Male,cvigietti34@de.vu,XML
113,Giffard,Iffe,Male,giffe34@pinterest.com,JSON
113,Kiah,Phizackarley,Female,kphizackarley34@ucoz.ru,CSV
114,Britt,Bosanko,Male,bbosanko35@bandcamp.com,XML
114,Lynette,Beeken,Genderqueer,lbeeken35@purevolume.com,CSV
114,Sofie,Niccolls,Male,sniccolls35@acquirethisname.com,JSON
115,Brocky,Ainger,Agender,bainger36@washington.edu,CSV
115,Janene,Willshere,Female,jwillshere36@buzzfeed.com,JSON
115,Tan,Radke,Male,tradke36@chicagotribune.com,XML
116,Fredrick,Mackerness,Genderqueer,fmackerness37@timesonline.co.uk,XML
116,Olimpia,Bastistini,Female,obastistini37@elpais.com,JSON
116,Rozella,Draysay,Bigender,rdraysay37@businesswire.com,CSV
117,Ado,Gouldie,Female,agouldie38@naver.com,JSON
117,Alvina,Creane,Female,acreane38@lulu.com,XML
117,Martelle,Furmagier,Non-binary,mfurmagier38@auda.org.au,CSV
118,Appolonia,Handscomb,Female,ahandscomb39@berkeley.edu,JSON
118,Flore,MacGille,Male,fmacgille39@fastcompany.com,XML
118,Missy,Lowson,Female,mlowson39@g.co,CSV
119,Aloysius,Hynard,Male,ahynard3a@archive.org,XML
119,Liana,Board,Female,lboard3a@constantcontact.com,CSV
119,Reg,Sandeford,Male,rsandeford3a@exblog.jp,JSON
120,Bud,Flemming,Female,bflemming3b@pbs.org,XML
120,Maryann,Burnell,Female,mburnell3b@issuu.com,CSV
120,Parsifal,Panks,Male,ppanks3b@istockphoto.com,JSON
121,Cecilia,Klousner,Male,cklousner3c@dropbox.com,XML
121,Grant,Sarjant,Female,gsarjant3c@geocities.jp,JSON
121,Ingrim,Eliassen,Female,ieliassen3c@yellowpages.com,CSV
122,Cleavland,Longmate,Female,clongmate3d@webs.com,JSON
122,Dean,Finnigan,Male,dfinnigan3d@disqus.com,CSV
122,Rivy,Lodeke,Male,rlodeke3d@google.es,XML
123,Carmen,Blanking,Male,cblanking3e@artisteer.com,JSON
123,Harri,Barham,Female,hbarham3e@latimes.com,CSV
123,Ludovika,Koppke,Female,lkoppke3e@sitemeter.com,XML
124,Dosi,Dugald,Female,ddugald3f@home.pl,XML
124,Hermia,Halgarth,Agender,hhalgarth3f@army.mil,CSV
124,Mignon,Chippin,Female,mchippin3f@blog.com,JSON
125,Judye,Corsar,Male,jcorsar3g@alibaba.com,XML
125,Tyrus,Giddings,Female,tgiddings3g@vimeo.com,JSON
125,Warren,Rewcastle,Bigender,wrewcastle3g@ox.ac.uk,CSV
126,Guillemette,Baignard,Male,gbaignard3h@nature.com,XML
126,Gwenni,Snailham,Female,gsnailham3h@delicious.com,JSON
126,Laurie,Moncreiffe,Male,lmoncreiffe3h@naver.com,CSV
127,Gena,Rosettini,Male,grosettini3i@bizjournals.com,CSV
127,Jemima,Attenborough,Male,jattenborough3i@wikipedia.org,XML
127,Richard,Alecock,Male,ralecock3i@engadget.com,JSON
128,Bliss,Taveriner,Female,btaveriner3j@independent.co.uk,JSON
128,Darren,Rowdell,Male,drowdell3j@mlb.com,XML
128,Lezlie,Seid,Female,lseid3j@ask.com,CSV
129,Lanie,Scrange,Female,lscrange3k@bbc.co.uk,JSON
129,Larina,Pittaway,Bigender,lpittaway3k@usda.gov,XML
129,Lynea,McGorley,Genderfluid,lmcgorley3k@facebook.com,CSV
130,Corenda,Grigoriev,Male,cgrigoriev3l@merriam-webster.com,CSV
130,Daryn,Standon,Female,dstandon3l@angelfire.com,JSON
130,Morgan,Boobyer,Male,mboobyer3l@tinypic.com,XML
131,Christoforo,Bodycomb,Male,cbodycomb3m@foxnews.com,XML
131,Dillie,Cashford,Male,dcashford3m@about.me,CSV
131,Stephine,Haller,Female,shaller3m@trellian.com,JSON
132,Annabella,Warlawe,Female,awarlawe3n@about.com,XML
132,Carley,Clausewitz,Female,cclausewitz3n@google.es,CSV
132,Mercie,Seward,Female,mseward3n@cdbaby.com,JSON
133,Emelia,Forshaw,Female,eforshaw3o@cornell.edu,JSON
133,Moll,Plampin,Female,mplampin3o@psu.edu,XML
133,Orazio,Kevlin,Non-binary,okevlin3o@hostgator.com,CSV
134,Barnebas,Palliser,Male,bpalliser3p@godaddy.com,JSON
134,Hermann,Scimone,Male,hscimone3p@webnode.com,XML
134,Karoly,Turpie,Agender,kturpie3p@upenn.edu,CSV
135,Kissie,Lavington,Female,klavington3q@noaa.gov,CSV
135,Marion,Renad,Male,mrenad3q@github.com,XML
135,Reeva,Tandy,Male,rtandy3q@statcounter.com,JSON
136,Clea,Mallard,Male,cmallard3r@rakuten.co.jp,XML
136,Hanson,Carrol,Female,hcarrol3r@google.com.hk,CSV
136,Swen,Paulmann,Female,spaulmann3r@state.gov,JSON
137,Lon,Shrubb,Male,lshrubb3s@live.com,CSV
137,Maud,Galley,Male,mgalley3s@nasa.gov,XML
137,Smitty,Fuggles,Male,sfuggles3s@cdbaby.com,JSON
138,Kandy,Hum,Male,khum3t@mail.ru,CSV
138,Raymond,Ventom,Female,rventom3t@admin.ch,JSON
138,Sanson,Keeler,Female,skeeler3t@last.fm,XML
139,Lanie,Jacques,Male,ljacques3u@intel.com,JSON
139,Smitty,Tours,Male,stours3u@ibm.com,XML
139,Tomi,Mewe,Female,tmewe3u@hao123.com,CSV
140,Christin,Blue,Male,cblue3v@economist.com,JSON
140,Dwain,Shallcroff,Male,dshallcroff3v@imageshack.us,XML
140,Melody,Jone,Male,mjone3v@flavors.me,CSV
141,Regine,Tidcombe,Male,rtidcombe3w@diigo.com,CSV
141,Rustie,Winny,Female,rwinny3w@google.it,JSON
141,Veronica,Dugue,Female,vdugue3w@opera.com,XML
142,Doro,But,Female,dbut3x@paypal.com,CSV
142,Nikolos,Gwillym,Non-binary,ngwillym3x@va.gov,JSON
142,Saxe,Kalinke,Agender,skalinke3x@nih.gov,XML
143,Annetta,Eakly,Male,aeakly3y@so-net.ne.jp,XML
143,Astrid,Reford,Male,areford3y@smugmug.com,JSON
143,Loella,Ahrenius,Male,lahrenius3y@bbc.co.uk,CSV
144,Duffie,Taree,Female,dtaree3z@timesonline.co.uk,CSV
144,Ervin,Strass,Female,estrass3z@dagondesign.com,XML
144,Myrvyn,Jahn,Male,mjahn3z@amazon.co.jp,JSON
145,Burch,Strognell,Female,bstrognell40@feedburner.com,XML
145,Kimmy,Whitehead,Female,kwhitehead40@foxnews.com,CSV
145,Tammara,Betonia,Male,tbetonia40@europa.eu,JSON
146,Gregor,Waison,Non-binary,gwaison41@free.fr,JSON
146,Rikki,Harbour,Male,rharbour41@bandcamp.com,XML
146,Ronald,Chidzoy,Female,rchidzoy41@marketwatch.com,CSV
147,Danyelle,Bader,Male,dbader42@squarespace.com,XML
147,Legra,Ridge,Female,lridge42@narod.ru,JSON
147,Zulema,Levesley,Female,zlevesley42@dell.com,CSV
148,Jacobo,Rikkard,Male,jrikkard43@vinaora.com,XML
148,Kit,Mallabone,Agender,kmallabone43@ucoz.ru,JSON
148,Mordecai,Azam,Male,mazam43@bigcartel.com,CSV
149,Gabbi,Dadd,Male,gdadd44@vinaora.com,CSV
149,Ilse,Sivyour,Agender,isivyour44@skyrock.com,XML
149,Rusty,McNirlan,Female,rmcnirlan44@qq.com,JSON
150,Chevalier,Mityakov,Agender,cmityakov45@dailymotion.com,JSON
150,Edyth,Rosterne,Male,erosterne45@reuters.com,XML
150,Fiona,Vase,Male,fvase45@exblog.jp,CSV
151,Brianne,Nucci,Male,bnucci46@bbb.org,XML
151,Joana,Durdle,Male,jdurdle46@typepad.com,CSV
151,Karlan,Gleaves,Female,kgleaves46@nsw.gov.au,JSON
152,Cathrine,Giovanazzi,Female,cgiovanazzi47@themeforest.net,CSV
152,Cecilla,Zywicki,Male,czywicki47@usatoday.com,JSON
152,Orsola,Critchlow,Genderfluid,ocritchlow47@plala.or.jp,XML
153,Frederico,Luckcuck,Female,fluckcuck48@google.co.jp,CSV
153,Jule,Ballinghall,Female,jballinghall48@csmonitor.com,XML
153,Lorenzo,Girardoni,Female,lgirardoni48@addthis.com,JSON
154,Alain,Attree,Male,aattree49@reverbnation.com,CSV
154,Greta,Kalberer,Female,gkalberer49@ask.com,JSON
154,Kimmie,Heinig,Male,kheinig49@house.gov,XML
155,Andre,Francescozzi,Male,afrancescozzi4a@bbb.org,XML
155,Ettore,Eccleston,Male,eeccleston4a@va.gov,JSON
155,Onfre,Guest,Male,oguest4a@cbc.ca,CSV
156,Felipa,Honnan,Female,fhonnan4b@themeforest.net,JSON
156,Jakob,Adamec,Female,jadamec4b@globo.com,CSV
156,Mickey,Pithcock,Genderqueer,mpithcock4b@i2i.jp,XML
157,Adora,Conor,Male,aconor4c@free.fr,XML
157,Kingston,Ackenson,Male,kackenson4c@xrea.com,CSV
157,Rosemary,Purdy,Male,rpurdy4c@sina.com.cn,JSON
158,Desiree,Slucock,Male,dslucock4d@weebly.com,JSON
158,Gay,Mullenger,Male,gmullenger4d@privacy.gov.au,XML
158,Hendrika,Vautre,Non-binary,hvautre4d@devhub.com,CSV
159,Antoine,Wadelin,Male,awadelin4e@myspace.com,JSON
159,Larissa,Duff,Female,lduff4e@elpais.com,XML
159,Nappy,Harg,Female,nharg4e@e-recht24.de,CSV
160,Alyssa,Gingel,Female,agingel4f@spotify.com,JSON
160,Aurlie,Vear,Male,avear4f@dot.gov,XML
160,Fanechka,Morrieson,Male,fmorrieson4f@php.net,CSV
161,Ambrosi,Miskin,Male,amiskin4g@webnode.com,JSON
161,Edithe,Greenland,Non-binary,egreenland4g@mail.ru,CSV
161,Willi,Askin,Female,waskin4g@163.com,XML
162,Allie,Cahalin,Genderfluid,acahalin4h@scientificamerican.com,XML
162,Joice,Freer,Male,jfreer4h@state.gov,JSON
162,Kristal,Chaize,Female,kchaize4h@opera.com,CSV
163,Albrecht,Pfeffer,Male,apfeffer4i@lycos.com,XML
163,Belva,Redgrave,Male,bredgrave4i@ucsd.edu,JSON
163,Denyse,Downey,Polygender,ddowney4i@ebay.com,CSV
164,Falito,Ducham,Male,fducham4j@csmonitor.com,XML
164,Markos,Cowx,Male,mcowx4j@soundcloud.com,CSV
164,Paolina,Brood,Male,pbrood4j@myspace.com,JSON
165,Efrem,Arnet,Female,earnet4k@slideshare.net,JSON
165,Fay,Syms,Female,fsyms4k@themeforest.net,XML
165,Tiebout,Dalley,Male,tdalley4k@noaa.gov,CSV
166,Harlen,Epton,Female,hepton4l@typepad.com,JSON
166,Mitchel,Calow,Male,mcalow4l@51.la,CSV
166,Rois,Tudhope,Female,rtudhope4l@toplist.cz,XML
167,Cristionna,Truett,Male,ctruett4m@fc2.com,XML
167,Kenton,Wickett,Female,kwickett4m@japanpost.jp,CSV
167,Mitchael,Nardrup,Female,mnardrup4m@chicagotribune.com,JSON
168,Curcio,Maw,Male,cmaw4n@buzzfeed.com,JSON
168,Sianna,Heelis,Female,sheelis4n@weibo.com,CSV
168,Zorina,Hynes,Female,zhynes4n@csmonitor.com,XML
169,Keen,Dunseath,Male,kdunseath4o@bigcartel.com,CSV
169,Korella,Hosby,Non-binary,khosby4o@privacy.gov.au,XML
169,Leonora,Mutton,Male,lmutton4o@tripadvisor.com,JSON
170,Antonina,Pepperell,Male,apepperell4p@vinaora.com,XML
170,Aubrey,Ridder,Male,aridder4p@domainmarket.com,CSV
170,Giacomo,Derell,Male,gderell4p@google.ca,JSON
171,Billi,Stolte,Female,bstolte4q@amazon.co.uk,JSON
171,Thorn,Goodnow,Female,tgoodnow4q@columbia.edu,XML
171,Wilfred,Proske,Female,wproske4q@goodreads.com,CSV
172,Catriona,Heaslip,Male,cheaslip4r@ftc.gov,XML
172,Olenolin,Gretham,Male,ogretham4r@answers.com,JSON
172,Sofia,Skryne,Female,sskryne4r@livejournal.com,CSV
173,Giustina,Jaksic,Male,gjaksic4s@prnewswire.com,JSON
173,Joline,Ayrs,Male,jayrs4s@google.co.jp,CSV
173,Patrizio,Goard,Female,pgoard4s@jimdo.com,XML
174,Cristen,St. John,Female,cstjohn4t@howstuffworks.com,CSV
174,Herve,Bradford,Female,hbradford4t@hao123.com,XML
174,Minette,Collingdon,Female,mcollingdon4t@archive.org,JSON
175,Nickie,Gover,Female,ngover4u@posterous.com,CSV
175,Selie,Mellish,Male,smellish4u@amazon.co.uk,JSON
175,Wain,Congreave,Male,wcongreave4u@goodreads.com,XML
176,Ardys,Cooke,Female,acooke4v@wikimedia.org,JSON
176,Aubry,Van Geffen,Female,avangeffen4v@miitbeian.gov.cn,CSV
176,Garnette,Shorbrook,Male,gshorbrook4v@yelp.com,XML
177,Anallise,Campanelli,Female,acampanelli4w@nba.com,CSV
177,Bruce,Twomey,Male,btwomey4w@oakley.com,XML
177,Patrizius,Markel,Male,pmarkel4w@google.com,JSON
178,Barri,Roostan,Female,broostan4x@umich.edu,JSON
178,Ertha,Royden,Male,eroyden4x@abc.net.au,XML
178,Tadeo,Stobie,Female,tstobie4x@weebly.com,CSV
179,Joby,Warton,Female,jwarton4y@vistaprint.com,XML
179,Margy,Ipsly,Male,mipsly4y@sbwire.com,JSON
179,Mikey,Larcombe,Female,mlarcombe4y@wisc.edu,CSV
180,Fidela,Shorto,Male,fshorto4z@ezinearticles.com,JSON
180,Merry,Legerton,Female,mlegerton4z@1und1.de,CSV
180,Orel,Hayworth,Female,ohayworth4z@house.gov,XML
181,Bellina,Over,Bigender,bover50@noaa.gov,CSV
181,Beltran,Izakof,Female,bizakof50@cbc.ca,JSON
181,Vincents,Tender,Female,vtender50@un.org,XML
182,Jule,Collum,Female,jcollum51@google.it,XML
182,Libbie,Guilbert,Male,lguilbert51@sohu.com,JSON
182,Mireielle,Poulston,Female,mpoulston51@fastcompany.com,CSV
183,Mahmud,Fairlamb,Genderfluid,mfairlamb52@github.com,JSON
183,Shawn,Stearn,Male,sstearn52@printfriendly.com,CSV
183,Torrie,Genders,Female,tgenders52@theglobeandmail.com,XML
184,Ferdy,Rival,Female,frival53@desdev.cn,XML
184,Madelina,Southall,Female,msouthall53@cornell.edu,CSV
184,Nevsa,Jerred,Male,njerred53@taobao.com,JSON
185,Abbi,Velti,Female,avelti54@tinypic.com,JSON
185,Parnell,Keal,Male,pkeal54@so-net.ne.jp,CSV
185,Yale,Pinck,Female,ypinck54@upenn.edu,XML
186,Hilary,Reaveley,Female,hreaveley55@un.org,XML
186,Joaquin,Kiossel,Female,jkiossel55@sitemeter.com,JSON
186,Nelson,Tipton,Male,ntipton55@apple.com,CSV
187,Lionello,Giovannazzi,Male,lgiovannazzi56@mashable.com,JSON
187,Luis,Yexley,Female,lyexley56@studiopress.com,CSV
187,Teresita,Scawn,Female,tscawn56@google.com.br,XML
188,Caitrin,Windrus,Genderfluid,cwindrus57@cdbaby.com,XML
188,Granville,Sandells,Male,gsandells57@eventbrite.com,JSON
188,Milzie,Almond,Female,malmond57@oakley.com,CSV
189,Fernande,MacNamee,Female,fmacnamee58@tiny.cc,JSON
189,Merrie,Joscelyne,Female,mjoscelyne58@youtu.be,CSV
189,Tracey,Spender,Male,tspender58@pinterest.com,XML
190,Harrietta,Brazil,Female,hbrazil59@simplemachines.org,CSV
190,Lory,Moncarr,Female,lmoncarr59@paypal.com,XML
190,Zora,Fortnam,Genderqueer,zfortnam59@hubpages.com,JSON
191,Griffy,Cutts,Female,gcutts5a@time.com,JSON
191,Kelley,Rumbelow,Male,krumbelow5a@toplist.cz,XML
191,Zacharias,Fowley,Polygender,zfowley5a@discovery.com,CSV
192,Agatha,Gyer,Female,agyer5b@dell.com,CSV
192,Neile,Tomasz,Female,ntomasz5b@163.com,XML
192,Thornton,Jakubowsky,Female,tjakubowsky5b@weibo.com,JSON
193,Annabela,Deignan,Agender,adeignan5c@ucla.edu,CSV
193,Johnath,Fleet,Male,jfleet5c@wordpress.org,JSON
193,Rainer,Rennenbach,Male,rrennenbach5c@liveinternet.ru,XML
194,Jemima,Dani,Female,jdani5d@psu.edu,CSV
194,Karrah,Devereu,Genderfluid,kdevereu5d@weibo.com,JSON
194,Welsh,Frankish,Male,wfrankish5d@reverbnation.com,XML
195,Claude,Busain,Female,cbusain5e@redcross.org,CSV
195,Lockwood,Palfery,Polygender,lpalfery5e@ask.com,XML
195,Pyotr,Easdon,Female,peasdon5e@nps.gov,JSON
196,Tamara,Vasyukhnov,Male,tvasyukhnov5f@rediff.com,XML
196,Tobi,Filasov,Male,tfilasov5f@ning.com,JSON
196,Tristam,Huxtable,Female,thuxtable5f@comsenz.com,CSV
197,Ermina,Grigolli,Female,egrigolli5g@reuters.com,CSV
197,Ole,Hundey,Male,ohundey5g@goodreads.com,JSON
197,Phaedra,Dafydd,Bigender,pdafydd5g@businessweek.com,XML
198,Jody,McClenan,Male,jmcclenan5h@ifeng.com,CSV
198,Nikos,Jeremaes,Male,njeremaes5h@sciencedirect.com,XML
198,Virgil,Soffe,Female,vsoffe5h@diigo.com,JSON
199,Emmalynne,Flawith,Male,eflawith5i@statcounter.com,JSON
199,Pris,Godsell,Female,pgodsell5i@canalblog.com,CSV
199,Raynell,Bosket,Male,rbosket5i@amazon.co.uk,XML
200,Emmy,Szymanski,Male,eszymanski5j@dmoz.org,XML
200,Jehanna,Laviss,Female,jlaviss5j@networksolutions.com,CSV
200,Olwen,Hamlett,Male,ohamlett5j@wiley.com,JSON
201,Maryjane,Ellacombe,Female,mellacombe5k@sourceforge.net,XML
201,Rafa,Mainwaring,Male,rmainwaring5k@yandex.ru,CSV
202,Guido,Impett,Male,gimpett5l@squidoo.com,XML
202,Mitch,Germann,Male,mgermann5l@cnbc.com,CSV
203,Bette-ann,Fierman,Female,bfierman5m@cnbc.com,CSV
203,Joice,McConigal,Male,jmcconigal5m@usa.gov,XML
204,Ugo,Berwick,Male,uberwick5n@newsvine.com,XML
204,Woody,Gladdifh,Male,wgladdifh5n@list-manage.com,CSV
205,Hatti,Gawthrope,Genderqueer,hgawthrope5o@quantcast.com,XML
205,Mathe,Doran,Female,mdoran5o@hexun.com,CSV
206,Gilbert,Antognoni,Male,gantognoni5p@dell.com,CSV
206,Ines,Elflain,Male,ielflain5p@bravesites.com,XML
207,Florry,Ringrose,Female,fringrose5q@comcast.net,CSV
207,Philip,Cockerton,Female,pcockerton5q@hostgator.com,XML
208,Darcie,Quare,Female,dquare5r@pagesperso-orange.fr,XML
208,Katharyn,Ferras,Female,kferras5r@arstechnica.com,CSV
209,Braden,Etty,Female,betty5s@storify.com,CSV
209,Gradeigh,Zupa,Female,gzupa5s@bbb.org,XML
210,Ceil,Seneschal,Female,cseneschal5t@nymag.com,CSV
210,Ulrica,Drezzer,Non-binary,udrezzer5t@europa.eu,XML
211,Dede,Percifull,Female,dpercifull5u@boston.com,XML
211,Solly,Smorthwaite,Male,ssmorthwaite5u@diigo.com,CSV
212,Herbie,Blaker,Female,hblaker5v@sitemeter.com,XML
212,Lynn,Echlin,Non-binary,lechlin5v@bbc.co.uk,CSV
213,Helge,Heustace,Male,hheustace5w@google.ru,XML
213,Kylila,Vaux,Female,kvaux5w@timesonline.co.uk,CSV
214,Jard,Phlipon,Female,jphlipon5x@wikipedia.org,XML
214,Jeannine,Jon,Non-binary,jjon5x@theatlantic.com,CSV
215,Inigo,Muff,Male,imuff5y@smh.com.au,CSV
215,Zacharias,Tootell,Female,ztootell5y@parallels.com,XML
216,Fanchette,Molineaux,Male,fmolineaux5z@ustream.tv,CSV
216,Shandeigh,Harriagn,Female,sharriagn5z@home.pl,XML
217,Kalie,Vellden,Female,kvellden60@spiegel.de,XML
217,Woody,Albisser,Female,walbisser60@icio.us,CSV
218,Alfons,Sherry,Male,asherry61@imgur.com,CSV
218,Talia,Mendes,Female,tmendes61@rambler.ru,XML
219,Angeline,Henstridge,Male,ahenstridge62@vistaprint.com,CSV
219,Melany,Lockless,Male,mlockless62@nifty.com,XML
220,Claude,Hischke,Male,chischke63@vistaprint.com,XML
220,Mort,Barras,Genderqueer,mbarras63@t.co,CSV
221,Frederico,Hebblethwaite,Male,fhebblethwaite64@aboutads.info,CSV
221,Letty,Ausher,Male,lausher64@tripod.com,XML
222,Leoine,Raxworthy,Male,lraxworthy65@simplemachines.org,CSV
222,Melli,Glanton,Female,mglanton65@pinterest.com,XML
223,Ermanno,Humphery,Non-binary,ehumphery66@studiopress.com,XML
223,Neil,Docharty,Male,ndocharty66@scribd.com,CSV
224,Eadie,Budding,Female,ebudding67@geocities.com,XML
224,Gale,Byres,Agender,gbyres67@newyorker.com,CSV
225,Abbey,Grigolon,Male,agrigolon68@shop-pro.jp,CSV
225,Shem,Pettiward,Male,spettiward68@guardian.co.uk,XML
226,Baldwin,Ellinor,Agender,bellinor69@purevolume.com,XML
226,Sigmund,Winspire,Female,swinspire69@hexun.com,CSV
227,Catrina,Martins,Female,cmartins6a@1und1.de,CSV
227,Kania,Avard,Female,kavard6a@google.com.br,XML
228,Bernadina,Dymick,Female,bdymick6b@baidu.com,CSV
228,Pia,Bothams,Male,pbothams6b@zimbio.com,XML
229,Elsinore,Renzullo,Female,erenzullo6c@disqus.com,XML
229,Marthe,Mathiassen,Male,mmathiassen6c@jigsy.com,CSV
230,Bonnie,Dosedale,Female,bdosedale6d@sakura.ne.jp,XML
230,Gusta,Leonards,Male,gleonards6d@ihg.com,CSV
231,Charlie,Roughey,Female,croughey6e@theatlantic.com,XML
231,Janith,Yewdall,Female,jyewdall6e@slate.com,CSV
232,Morgan,Epilet,Female,mepilet6f@icio.us,CSV
232,Pammy,Bethune,Female,pbethune6f@nyu.edu,XML
233,Ceciley,Lydiard,Female,clydiard6g@macromedia.com,CSV
233,Wiatt,Damsell,Female,wdamsell6g@mtv.com,XML
234,Mollee,MacPhaden,Female,mmacphaden6h@microsoft.com,CSV
234,Waldo,Lay,Male,wlay6h@dell.com,XML
235,Keelby,Dach,Male,kdach6i@scribd.com,XML
235,Mitchel,Ranstead,Male,mranstead6i@issuu.com,CSV
236,Ikey,Doust,Male,idoust6j@sitemeter.com,XML
236,Roderigo,Spittal,Male,rspittal6j@twitter.com,CSV
237,Maurice,Espadas,Male,mespadas6k@japanpost.jp,XML
237,Monty,Olsson,Male,molsson6k@patch.com,CSV
238,Carly,Gronno,Female,cgronno6l@cisco.com,XML
238,Elisa,Rutigliano,Female,erutigliano6l@eventbrite.com,CSV
239,Fabiano,Porch,Female,fporch6m@statcounter.com,CSV
239,Townsend,Earry,Female,tearry6m@constantcontact.com,XML
240,Anissa,Kaminski,Female,akaminski6n@amazonaws.com,XML
240,Kelvin,Wynne,Male,kwynne6n@tripadvisor.com,CSV
241,Keen,Noods,Male,knoods6o@about.com,CSV
241,Red,MacDearmid,Male,rmacdearmid6o@hud.gov,XML
242,Charla,Antham,Male,cantham6p@cloudflare.com,XML
242,Ford,Gathercole,Male,fgathercole6p@state.gov,CSV
243,Gawen,Dodworth,Male,gdodworth6q@cbslocal.com,CSV
243,Katheryn,Maria,Female,kmaria6q@latimes.com,XML
244,Kermie,Morley,Male,kmorley6r@berkeley.edu,XML
244,Monique,Picheford,Female,mpicheford6r@ihg.com,CSV
245,Hatti,Alman,Female,halman6s@xinhuanet.com,CSV
245,Rosene,Joinson,Male,rjoinson6s@omniture.com,XML
246,Barthel,Phillis,Non-binary,bphillis6t@census.gov,CSV
246,Walden,Headon,Female,wheadon6t@163.com,XML
247,Eran,Tremlett,Female,etremlett6u@ted.com,XML
247,Rosa,Asprey,Polygender,rasprey6u@nytimes.com,CSV
248,Jazmin,Laverenz,Male,jlaverenz6v@google.ru,CSV
248,Letti,Hillitt,Female,lhillitt6v@parallels.com,XML
249,Matilde,Niess,Male,mniess6w@taobao.com,CSV
249,Town,MacNamara,Male,tmacnamara6w@nasa.gov,XML
250,Alla,Bilbee,Female,abilbee6x@nymag.com,XML
250,Brit,Senechell,Male,bsenechell6x@telegraph.co.uk,CSV
251,Angil,Wordsley,Female,awordsley6y@phoca.cz,CSV
251,Ronny,Celand,Male,rceland6y@timesonline.co.uk,XML
252,Prue,Spurdens,Male,pspurdens6z@bloglovin.com,XML
252,Vidovic,Baglan,Female,vbaglan6z@flickr.com,CSV
253,Anson,Penhaligon,Female,apenhaligon70@cyberchimps.com,CSV
253,Philly,Crimin,Female,pcrimin70@china.com.cn,XML
254,Donnamarie,O'Carrol,Female,docarrol71@hubpages.com,XML
254,Stevena,Swayne,Male,sswayne71@webs.com,CSV
255,Miller,Ryall,Male,mryall72@elpais.com,CSV
255,Terra,Philpotts,Male,tphilpotts72@go.com,XML
256,Lorne,Tenniswood,Female,ltenniswood73@mtv.com,XML
256,Luci,Stepto,Male,lstepto73@dropbox.com,CSV
257,Jarred,Barnshaw,Female,jbarnshaw74@domainmarket.com,CSV
257,Michal,Arton,Female,marton74@list-manage.com,XML
258,Casandra,Dehm,Agender,cdehm75@cbc.ca,CSV
258,Hope,Bratcher,Male,hbratcher75@xinhuanet.com,XML
259,Cozmo,Curtis,Male,ccurtis76@photobucket.com,CSV
259,Delcina,Baynes,Female,dbaynes76@ca.gov,XML
260,Aguste,Croysdale,Male,acroysdale77@skype.com,XML
260,Peterus,Martynikhin,Male,pmartynikhin77@dmoz.org,CSV
261,Dukie,Nathan,Male,dnathan78@t.co,XML
261,Lothario,Nendick,Male,lnendick78@blog.com,CSV
262,Harper,Corwin,Female,hcorwin79@chicagotribune.com,XML
262,Harris,Stell,Male,hstell79@smh.com.au,CSV
263,Itch,Caramuscia,Male,icaramuscia7a@reddit.com,XML
263,Luciana,Woolam,Male,lwoolam7a@chron.com,CSV
264,Boothe,Baignard,Female,bbaignard7b@toplist.cz,CSV
264,Vernice,Lytton,Female,vlytton7b@oaic.gov.au,XML
265,Beitris,Bartolini,Male,bbartolini7c@cbc.ca,XML
265,Hillier,Beslier,Male,hbeslier7c@qq.com,CSV
266,Raleigh,Dudeney,Female,rdudeney7d@nyu.edu,CSV
266,Shannah,Crosskill,Female,scrosskill7d@cisco.com,XML
267,Marsiella,Parnby,Male,mparnby7e@elpais.com,CSV
267,Yuma,Basek,Female,ybasek7e@fc2.com,XML
268,Constantino,Baxstar,Male,cbaxstar7f@soup.io,CSV
268,Kermy,Maruszewski,Male,kmaruszewski7f@cbsnews.com,XML
269,Elisa,Petriello,Male,epetriello7g@oracle.com,XML
269,Renaldo,Phelps,Female,rphelps7g@nhs.uk,CSV
270,Codee,Alywin,Bigender,calywin7h@npr.org,CSV
270,Otis,Brimmell,Female,obrimmell7h@meetup.com,XML
271,Cesar,Laughtisse,Female,claughtisse7i@yelp.com,CSV
271,Gonzalo,Linkin,Male,glinkin7i@washington.edu,XML
272,Kayle,Larkcum,Female,klarkcum7j@gizmodo.com,CSV
272,Polly,Feaviour,Female,pfeaviour7j@yale.edu,XML
273,Humfrid,Bickerdike,Female,hbickerdike7k@tumblr.com,CSV
273,Maddy,Bullingham,Male,mbullingham7k@flickr.com,XML
274,Aurthur,Delacroix,Female,adelacroix7l@nsw.gov.au,XML
274,Wyn,Hattersley,Male,whattersley7l@nydailynews.com,CSV
275,Moira,Gidden,Female,mgidden7m@europa.eu,CSV
275,Vincenty,Tattersill,Female,vtattersill7m@telegraph.co.uk,XML
276,Chloe,Postan,Female,cpostan7n@google.com.hk,CSV
276,Daniele,Habbergham,Non-binary,dhabbergham7n@ox.ac.uk,XML
277,Cornela,Piercey,Male,cpiercey7o@moonfruit.com,CSV
277,Kimberly,Scones,Male,kscones7o@alexa.com,XML
278,Cookie,Conti,Male,cconti7p@nhs.uk,CSV
278,Lindsy,Hornig,Male,lhornig7p@ustream.tv,XML
279,Padraig,Lunge,Female,plunge7q@tuttocitta.it,CSV
279,Queenie,Walczynski,Female,qwalczynski7q@yellowpages.com,XML
280,Dur,Stowers,Male,dstowers7r@nifty.com,XML
280,Ferguson,Rantoul,Male,frantoul7r@multiply.com,CSV
281,Mirna,Warboys,Female,mwarboys7s@tinyurl.com,XML
281,Ulrika,Darton,Female,udarton7s@upenn.edu,CSV
282,Justino,Arents,Bigender,jarents7t@macromedia.com,XML
282,Xenos,Lawlings,Male,xlawlings7t@pen.io,CSV
283,Colby,Kellegher,Female,ckellegher7u@meetup.com,XML
283,Joell,Cowlas,Male,jcowlas7u@bravesites.com,CSV
284,Florie,Marrow,Male,fmarrow7v@answers.com,CSV
284,Lowell,Josipovic,Female,ljosipovic7v@dropbox.com,XML
285,Aland,Commusso,Female,acommusso7w@independent.co.uk,CSV
285,Mitzi,Jakes,Male,mjakes7w@nsw.gov.au,XML
286,Danya,Beeton,Female,dbeeton7x@ihg.com,CSV
286,Teodoor,Fake,Male,tfake7x@usa.gov,XML
287,Arney,Kippen,Male,akippen7y@cbc.ca,XML
287,Ross,MacColl,Male,rmaccoll7y@networksolutions.com,CSV
288,Early,McNee,Male,emcnee7z@themeforest.net,XML
288,Sonni,Schonfelder,Male,sschonfelder7z@statcounter.com,CSV
289,Emily,Bengochea,Bigender,ebengochea80@fda.gov,XML
289,Noach,Bollins,Male,nbollins80@canalblog.com,CSV
290,Mordy,Goldine,Male,mgoldine81@hc360.com,XML
290,Patsy,Insull,Genderqueer,pinsull81@nyu.edu,CSV
291,Nessie,Iskov,Male,niskov82@boston.com,CSV
291,Urson,Chellam,Female,uchellam82@soup.io,XML
292,Almeria,Danielsky,Male,adanielsky83@edublogs.org,CSV
292,Sarita,Lammerich,Female,slammerich83@typepad.com,XML
293,Charlton,Gommes,Male,cgommes84@webeden.co.uk,XML
293,Corey,Caldaro,Female,ccaldaro84@nbcnews.com,CSV
294,Malissia,Rice,Male,mrice85@alexa.com,XML
294,Merv,Hellier,Female,mhellier85@state.tx.us,CSV
295,Barny,Cartmel,Female,bcartmel86@mac.com,CSV
295,Belicia,Krugmann,Male,bkrugmann86@dailymotion.com,XML
296,Bekki,Illiston,Male,billiston87@walmart.com,XML
296,Tracie,Timeby,Male,ttimeby87@newyorker.com,CSV
297,Becka,Boulde,Female,bboulde88@example.com,CSV
297,Lon,Kroin,Male,lkroin88@parallels.com,XML
298,Hettie,Guerro,Male,hguerro89@psu.edu,XML
298,Josy,Pennings,Male,jpennings89@weibo.com,CSV
299,Aindrea,Shellibeer,Female,ashellibeer8a@123-reg.co.uk,CSV
299,Xylia,Hubbis,Female,xhubbis8a@bizjournals.com,XML
300,Cornela,Youson,Male,cyouson8b@dion.ne.jp,CSV
300,Lauritz,Launder,Male,llaunder8b@forbes.com,XML
301,Ad,Crenage,Male,acrenage8c@reuters.com,CSV
302,Nicholle,Daymond,Male,ndaymond8d@posterous.com,CSV
303,Vonni,Tetley,Female,vtetley8e@seattletimes.com,CSV
304,Bertina,Muzzillo,Female,bmuzzillo8f@t.co,CSV
305,Roley,Strangward,Male,rstrangward8g@npr.org,CSV
306,Thaddeus,Huddle,Non-binary,thuddle8h@delicious.com,CSV
307,Josephina,Mulrooney,Male,jmulrooney8i@businesswire.com,CSV
308,Rafaello,Cameron,Male,rcameron8j@omniture.com,CSV
309,Omar,Dochon,Male,odochon8k@statcounter.com,CSV
310,Florida,Everwin,Male,feverwin8l@cloudflare.com,CSV
311,Christy,MacKeague,Female,cmackeague8m@stumbleupon.com,CSV
312,Margery,Druitt,Female,mdruitt8n@techcrunch.com,CSV
313,Dun,Lockey,Female,dlockey8o@e-recht24.de,CSV
314,Allegra,Fiddian,Male,afiddian8p@de.vu,CSV
315,Thebault,Maass,Female,tmaass8q@vistaprint.com,CSV
316,Ferne,Nudds,Female,fnudds8r@icio.us,CSV
317,Fredric,Nayshe,Male,fnayshe8s@linkedin.com,CSV
318,Kitty,Maeer,Male,kmaeer8t@4shared.com,CSV
319,Steffie,Sherborne,Female,ssherborne8u@deviantart.com,CSV
320,Alisha,Lyttle,Male,alyttle8v@wsj.com,CSV
321,Blondie,Gater,Female,bgater8w@nbcnews.com,CSV
322,Karee,Zanicchi,Male,kzanicchi8x@cbsnews.com,CSV
323,Iorgos,Woolrich,Female,iwoolrich8y@blogtalkradio.com,CSV
324,Joleen,MacPaik,Male,jmacpaik8z@usnews.com,CSV
325,Rycca,Gulland,Female,rgulland90@jugem.jp,CSV
326,Jodie,Fidoe,Female,jfidoe91@google.com.hk,CSV
327,Janaya,Marshland,Female,jmarshland92@wsj.com,CSV
328,Martynne,Avieson,Female,mavieson93@oracle.com,CSV
329,Lilli,Tatersale,Male,ltatersale94@geocities.jp,CSV
330,Darline,Brandsen,Female,dbrandsen95@xrea.com,CSV
331,Ellyn,Duignan,Male,eduignan96@shareasale.com,CSV
332,Jorie,Spellacey,Female,jspellacey97@cargocollective.com,CSV
333,Suzy,Wordington,Female,swordington98@github.com,CSV
334,Moyna,Kirkup,Female,mkirkup99@hhs.gov,CSV
335,Claire,Morais,Male,cmorais9a@domainmarket.com,CSV
336,Clarie,Goroni,Male,cgoroni9b@livejournal.com,CSV
337,Marten,Brimman,Female,mbrimman9c@macromedia.com,CSV
338,Felicia,Petters,Male,fpetters9d@mapquest.com,CSV
339,Candide,Getsham,Male,cgetsham9e@newsvine.com,CSV
340,Ancell,Freed,Male,afreed9f@va.gov,CSV
341,Brunhilde,Loutheane,Female,bloutheane9g@nps.gov,CSV
342,Cyrillus,Rzehorz,Female,crzehorz9h@ucoz.com,CSV
343,Jervis,Thrower,Female,jthrower9i@examiner.com,CSV
344,Eileen,Bockh,Male,ebockh9j@typepad.com,CSV
345,Ranique,Blakebrough,Male,rblakebrough9k@ow.ly,CSV
346,Horace,Wynett,Male,hwynett9l@weather.com,CSV
347,Niki,Danielski,Male,ndanielski9m@biglobe.ne.jp,CSV
348,Spenser,Ferreri,Non-binary,sferreri9n@msn.com,CSV
349,Nell,Romand,Female,nromand9o@latimes.com,CSV
350,Alon,von Grollmann,Male,avongrollmann9p@discovery.com,CSV
351,Coriss,Ferronet,Male,cferronet9q@hp.com,CSV
352,Wiley,Macken,Female,wmacken9r@google.pl,CSV
353,Niall,Cammocke,Male,ncammocke9s@time.com,CSV
354,Roxy,Wissbey,Male,rwissbey9t@amazonaws.com,CSV
355,Sharla,Billany,Female,sbillany9u@alexa.com,CSV
356,Hebert,Aistrop,Male,haistrop9v@earthlink.net,CSV
357,Suzann,Maskill,Male,smaskill9w@hatena.ne.jp,CSV
358,Thedric,Konke,Male,tkonke9x@wikispaces.com,CSV
359,Andie,Guiot,Female,aguiot9y@psu.edu,CSV
360,Jo-anne,Eckert,Male,jeckert9z@businesswire.com,CSV
361,Daria,Verner,Male,dvernera0@eventbrite.com,CSV
362,Calla,Roby,Male,crobya1@over-blog.com,CSV
363,Welsh,Mackin,Male,wmackina2@bigcartel.com,CSV
364,Daron,Brogden,Agender,dbrogdena3@friendfeed.com,CSV
365,Eudora,Foucard,Male,efoucarda4@umich.edu,CSV
366,Gwenora,Pennacci,Female,gpennaccia5@accuweather.com,CSV
367,Brandice,Haughton,Male,bhaughtona6@answers.com,CSV
368,Mirelle,Virr,Female,mvirra7@youku.com,CSV
369,Weston,MacNeillie,Male,wmacneilliea8@technorati.com,CSV
370,Ryley,Brand,Male,rbranda9@whitehouse.gov,CSV
371,Bev,Ferriman,Female,bferrimanaa@ask.com,CSV
372,Alta,Crathern,Male,acrathernab@homestead.com,CSV
373,Brana,Sutheran,Male,bsutheranac@arstechnica.com,CSV
374,Celestine,Coast,Female,ccoastad@skyrock.com,CSV
375,Lindie,Horche,Female,lhorcheae@ask.com,CSV
376,Rodger,Honsch,Female,rhonschaf@unblog.fr,CSV
377,Ross,Tolefree,Male,rtolefreeag@webs.com,CSV
378,Ariela,Assad,Female,aassadah@independent.co.uk,CSV
379,Tyson,Bastian,Male,tbastianai@webs.com,CSV
380,Reggy,Cockland,Female,rcocklandaj@xrea.com,CSV
381,Garv,Sommerfeld,Female,gsommerfeldak@loc.gov,CSV
382,Celina,Roubeix,Female,croubeixal@forbes.com,CSV
383,Thatch,O'Dyvoy,Male,todyvoyam@time.com,CSV
384,Dorthea,Bennis,Female,dbennisan@w3.org,CSV
385,Ferdinand,Lamas,Female,flamasao@soundcloud.com,CSV
386,Jaclin,Hanne,Male,jhanneap@admin.ch,CSV
387,Kattie,Toy,Female,ktoyaq@shareasale.com,CSV
388,Beatrice,Baudinet,Male,bbaudinetar@bloglines.com,CSV
389,Olivia,Arend,Male,oarendas@vk.com,CSV
390,Clint,Le Conte,Female,cleconteat@com.com,CSV
391,Aigneis,Bamforth,Female,abamforthau@ca.gov,CSV
392,Binny,Wickwar,Female,bwickwarav@instagram.com,CSV
393,Sibyl,MacAscaidh,Male,smacascaidhaw@fastcompany.com,CSV
394,Roth,Pittman,Female,rpittmanax@slate.com,CSV
395,Danice,Kerne,Male,dkerneay@cargocollective.com,CSV
396,Mirabella,Fouracre,Male,mfouracreaz@sfgate.com,CSV
397,Sarina,Mico,Female,smicob0@oaic.gov.au,CSV
398,Evered,Schlag,Male,eschlagb1@quantcast.com,CSV
399,Derry,Claiton,Male,dclaitonb2@google.es,CSV
400,Wallas,Worboy,Polygender,wworboyb3@google.it,CSV
401,Hildegarde,Maton,Female,hmatonb4@wired.com,CSV
402,Mordy,Betteriss,Female,mbetterissb5@biblegateway.com,CSV
403,Rachael,Snaith,Female,rsnaithb6@cbsnews.com,CSV
404,Silvain,Leechman,Agender,sleechmanb7@webmd.com,CSV
405,Lewiss,Argontt,Male,largonttb8@163.com,CSV
406,Angil,Davidsen,Male,adavidsenb9@livejournal.com,CSV
407,Obidiah,O'Criane,Genderfluid,oocrianeba@instagram.com,CSV
408,Wilbur,Callway,Female,wcallwaybb@sakura.ne.jp,CSV
409,Constancy,Huriche,Female,churichebc@photobucket.com,CSV
410,Richy,Coey,Male,rcoeybd@kickstarter.com,CSV
411,Annelise,Mathias,Male,amathiasbe@un.org,CSV
412,Theressa,Poplee,Female,tpopleebf@amazonaws.com,CSV
413,Ody,Groocock,Male,ogroocockbg@sciencedirect.com,CSV
414,Bernita,Blatchford,Female,bblatchfordbh@wsj.com,CSV
415,Mikael,Quilty,Male,mquiltybi@hubpages.com,CSV
416,Granger,Rummer,Male,grummerbj@seattletimes.com,CSV
417,Rosabel,Rawlings,Bigender,rrawlingsbk@godaddy.com,CSV
418,Cordula,Cometson,Female,ccometsonbl@livejournal.com,CSV
419,Jard,Polet,Male,jpoletbm@redcross.org,CSV
420,Darnell,O' Faherty,Male,dofahertybn@skyrock.com,CSV
421,Roxanna,D'Alessandro,Female,rdalessandrobo@clickbank.net,CSV
422,Vincents,Manton,Male,vmantonbp@wikia.com,CSV
423,Thaddeus,Wheater,Male,twheaterbq@cam.ac.uk,CSV
424,Montague,Younge,Male,myoungebr@deliciousdays.com,CSV
425,Wat,Andresen,Male,wandresenbs@redcross.org,CSV
426,Goldarina,Laven,Female,glavenbt@fastcompany.com,CSV
427,Nonnah,Bezley,Female,nbezleybu@aol.com,CSV
428,Rebe,Janikowski,Female,rjanikowskibv@forbes.com,CSV
429,Merola,Surcomb,Agender,msurcombbw@cam.ac.uk,CSV
430,Baryram,Gavini,Female,bgavinibx@scribd.com,CSV
431,Gerhardine,Gomes,Male,ggomesby@reverbnation.com,CSV
432,Corey,Jubert,Male,cjubertbz@wikia.com,CSV
433,Norbie,Adamo,Female,nadamoc0@skyrock.com,CSV
434,Kevina,Storrs,Non-binary,kstorrsc1@vkontakte.ru,CSV
435,Lorenzo,Gibbins,Female,lgibbinsc2@hp.com,CSV
436,Melissa,McGarry,Male,mmcgarryc3@wunderground.com,CSV
437,Arne,McKilroe,Polygender,amckilroec4@dailymail.co.uk,CSV
438,Berny,Daskiewicz,Male,bdaskiewiczc5@nifty.com,CSV
439,Cris,Blyth,Male,cblythc6@craigslist.org,CSV
440,Cecilla,Widger,Male,cwidgerc7@cnbc.com,CSV
441,Ephrayim,Avrahamoff,Female,eavrahamoffc8@arstechnica.com,CSV
442,Crin,Skein,Male,cskeinc9@jimdo.com,CSV
443,Dion,Thoumasson,Female,dthoumassonca@ameblo.jp,CSV
444,Harrietta,Mation,Male,hmationcb@wunderground.com,CSV
445,Rutter,Oxtarby,Female,roxtarbycc@fda.gov,CSV
446,Chase,Worswick,Female,cworswickcd@google.pl,CSV
447,Rafael,Quigley,Male,rquigleyce@bravesites.com,CSV
448,Eirena,Cullerne,Agender,ecullernecf@ed.gov,CSV
449,Helli,Boerder,Female,hboerdercg@vk.com,CSV
450,Briana,Wainwright,Female,bwainwrightch@behance.net,CSV
451,Isabella,Lomb,Genderqueer,ilombci@slashdot.org,CSV
452,Agnola,Lyall,Female,alyallcj@wikia.com,CSV
453,Pat,Havelin,Female,phavelinck@paginegialle.it,CSV
454,Ben,Arthur,Female,barthurcl@nsw.gov.au,CSV
455,Mildred,Wimpey,Male,mwimpeycm@webs.com,CSV
456,Alta,Myerscough,Male,amyerscoughcn@umn.edu,CSV
457,Harlie,Teek,Female,hteekco@globo.com,CSV
458,Milka,Carnoghan,Female,mcarnoghancp@360.cn,CSV
459,Stern,Hemphill,Female,shemphillcq@indiegogo.com,CSV
460,Hillie,Ouldcott,Female,houldcottcr@hexun.com,CSV
461,Giorgia,de Glanville,Female,gdeglanvillecs@wikipedia.org,CSV
462,Bay,Chason,Male,bchasonct@salon.com,CSV
463,Amie,McGarrie,Female,amcgarriecu@rediff.com,CSV
464,Stavro,Stannas,Male,sstannascv@miitbeian.gov.cn,CSV
465,Heinrik,Medina,Male,hmedinacw@sogou.com,CSV
466,Jerrylee,Findon,Female,jfindoncx@dot.gov,CSV
467,Leigha,Izod,Female,lizodcy@macromedia.com,CSV
468,Doll,Pouton,Female,dpoutoncz@howstuffworks.com,CSV
469,Mersey,Cornell,Male,mcornelld0@netscape.com,CSV
470,Kenneth,Ellerby,Male,kellerbyd1@amazon.com,CSV
471,Beatrice,Peery,Male,bpeeryd2@yahoo.com,CSV
472,Britt,Leuchars,Male,bleucharsd3@devhub.com,CSV
473,Redd,MacAlister,Male,rmacalisterd4@chronoengine.com,CSV
474,Cecilio,Corsan,Female,ccorsand5@discuz.net,CSV
475,Caleb,Giorgioni,Female,cgiorgionid6@cnbc.com,CSV
476,Curran,Campbell-Dunlop,Genderqueer,ccampbelldunlopd7@imageshack.us,CSV
477,Hestia,Kirckman,Male,hkirckmand8@cargocollective.com,CSV
478,Warde,Dibnah,Female,wdibnahd9@howstuffworks.com,CSV
479,Erny,Lambourne,Male,elambourneda@apache.org,CSV
480,Royall,Tuffin,Male,rtuffindb@example.com,CSV
481,Goraud,Rushe,Male,grushedc@nyu.edu,CSV
482,Hilly,Anker,Non-binary,hankerdd@altervista.org,CSV
483,Gabi,Carloni,Male,gcarlonide@ft.com,CSV
484,Spike,Lardner,Male,slardnerdf@ebay.com,CSV
485,Hillel,Gaine of England,Male,hgaineofenglanddg@purevolume.com,CSV
486,Correy,Berrycloth,Male,cberryclothdh@chicagotribune.com,CSV
487,Keslie,Pinckney,Male,kpinckneydi@shareasale.com,CSV
488,Teddi,Renol,Male,trenoldj@e-recht24.de,CSV
489,Cara,Chalke,Male,cchalkedk@businessweek.com,CSV
490,Modestine,Blaxlande,Male,mblaxlandedl@mediafire.com,CSV
491,Amery,Perrins,Male,aperrinsdm@smugmug.com,CSV
492,Lorilyn,Duxbarry,Male,lduxbarrydn@rediff.com,CSV
493,Cort,Ketteman,Female,ckettemando@sbwire.com,CSV
494,Devondra,Napoleon,Male,dnapoleondp@mlb.com,CSV
495,Mozelle,Gaskall,Female,mgaskalldq@ocn.ne.jp,CSV
496,Vanda,Longlands,Male,vlonglandsdr@tmall.com,CSV
497,Tarrah,McGiven,Male,tmcgivends@nydailynews.com,CSV
498,Elvin,Limbert,Female,elimbertdt@unblog.fr,CSV
499,Nikki,Waterhowse,Female,nwaterhowsedu@google.ru,CSV
500,Darci,Kleinhaut,Male,dkleinhautdv@icq.com,CSV
501,Dalli,Grzeskowski,Male,dgrzeskowskidw@shareasale.com,CSV
502,Christie,Wayper,Female,cwayperdx@biglobe.ne.jp,CSV
503,Sonni,Twopenny,Male,stwopennydy@sina.com.cn,CSV
504,Stace,Lavallin,Female,slavallindz@wikia.com,CSV
505,Ursa,Lundbech,Female,ulundbeche0@mail.ru,CSV
506,Alaster,McIlreavy,Female,amcilreavye1@macromedia.com,CSV
507,Renado,MacIver,Genderqueer,rmacivere2@mlb.com,CSV
508,Tobey,Humphris,Female,thumphrise3@jugem.jp,CSV
509,Tobye,Studdal,Female,tstuddale4@nih.gov,CSV
510,Tades,Galton,Female,tgaltone5@plala.or.jp,CSV
511,Rhett,Bothwell,Male,rbothwelle6@latimes.com,CSV
512,Averil,Canelas,Male,acanelase7@java.com,CSV
513,Kimberlyn,Sieghart,Male,ksiegharte8@facebook.com,CSV
514,Jozef,Collard,Female,jcollarde9@bloglovin.com,CSV
515,Donnamarie,Gilbard,Female,dgilbardea@ibm.com,CSV
516,Fons,Mielnik,Male,fmielnikeb@ucoz.ru,CSV
517,Eldridge,Figure,Female,efigureec@netlog.com,CSV
518,Julianna,Kingswell,Female,jkingswelled@apple.com,CSV
519,Kingsley,Harry,Female,kharryee@npr.org,CSV
520,Latrena,Filippone,Female,lfilipponeef@symantec.com,CSV
521,Steven,Pinnigar,Agender,spinnigareg@whitehouse.gov,CSV
522,Mahmud,Tesche,Female,mtescheeh@whitehouse.gov,CSV
523,Darlleen,Gawler,Female,dgawlerei@studiopress.com,CSV
524,Andeee,Yashunin,Female,ayashuninej@ebay.com,CSV
525,Cheston,Dimblebee,Female,cdimblebeeek@ustream.tv,CSV
526,Kevon,Curado,Genderqueer,kcuradoel@ebay.com,CSV
527,Alanna,Snell,Female,asnellem@state.gov,CSV
528,Lazar,Messer,Female,lmesseren@photobucket.com,CSV
529,Land,Yesinov,Male,lyesinoveo@microsoft.com,CSV
530,Rourke,Alesi,Female,ralesiep@weibo.com,CSV
531,Orv,Outridge,Male,ooutridgeeq@studiopress.com,CSV
532,Jennifer,Pymer,Male,jpymerer@eventbrite.com,CSV
533,Madalena,Bastistini,Male,mbastistinies@paypal.com,CSV
534,Filip,Capsey,Male,fcapseyet@goo.gl,CSV
535,Rockwell,Burdikin,Male,rburdikineu@cnet.com,CSV
536,Clarey,Norsister,Male,cnorsisterev@stanford.edu,CSV
537,Stillman,Crofthwaite,Female,scrofthwaiteew@lulu.com,CSV
538,Turner,Salter,Female,tsalterex@google.de,CSV
539,Raynard,Mantz,Male,rmantzey@tinyurl.com,CSV
540,Rennie,Fryman,Female,rfrymanez@imgur.com,CSV
541,Kasper,Houndson,Male,khoundsonf0@t-online.de,CSV
542,Tessy,Thynne,Male,tthynnef1@bbb.org,CSV
543,Ronny,Blaksley,Male,rblaksleyf2@sina.com.cn,CSV
544,Dawn,Lambe,Genderqueer,dlambef3@networkadvertising.org,CSV
545,Asher,Marney,Female,amarneyf4@baidu.com,CSV
546,Grier,Bickmore,Male,gbickmoref5@abc.net.au,CSV
547,Esme,Beloe,Female,ebeloef6@naver.com,CSV
548,Gayla,Petracchi,Male,gpetracchif7@bing.com,CSV
549,Brittne,Marxsen,Bigender,bmarxsenf8@dedecms.com,CSV
550,Mechelle,Sargeaunt,Female,msargeauntf9@rambler.ru,CSV
551,Hugues,Jacmar,Genderqueer,hjacmarfa@indiegogo.com,CSV
552,Cliff,Harrowsmith,Female,charrowsmithfb@freewebs.com,CSV
553,Pooh,Portch,Male,pportchfc@ed.gov,CSV
554,Christophe,Ondrich,Male,condrichfd@imgur.com,CSV
555,Moe,Duncan,Bigender,mduncanfe@lycos.com,CSV
556,Hazel,Muncie,Male,hmuncieff@yahoo.com,CSV
557,Stevena,Gomery,Male,sgomeryfg@soundcloud.com,CSV
558,Ardelis,Trood,Male,atroodfh@apache.org,CSV
559,Daryn,Normadell,Male,dnormadellfi@qq.com,CSV
560,Virgil,Bruckent,Genderfluid,vbruckentfj@biglobe.ne.jp,CSV
561,Michaelina,Wanstall,Female,mwanstallfk@geocities.com,CSV
562,Clarissa,Dana,Male,cdanafl@friendfeed.com,CSV
563,Ileana,Comelini,Female,icomelinifm@diigo.com,CSV
564,Myrvyn,Pauly,Female,mpaulyfn@wsj.com,CSV
565,Cassandra,Jouning,Male,cjouningfo@wordpress.com,CSV
566,Zea,Morey,Female,zmoreyfp@i2i.jp,CSV
567,Fianna,Cotsford,Agender,fcotsfordfq@shinystat.com,CSV
568,Whitney,Berkowitz,Female,wberkowitzfr@bravesites.com,CSV
569,Talia,Jefford,Male,tjeffordfs@wix.com,CSV
570,Carlyle,Castenda,Male,ccastendaft@macromedia.com,CSV
571,Kristoffer,Trenholme,Male,ktrenholmefu@php.net,CSV
572,Sonni,Reynard,Female,sreynardfv@hud.gov,CSV
573,Ginni,Leroux,Male,glerouxfw@gizmodo.com,CSV
574,Mufinella,Dall,Polygender,mdallfx@ask.com,CSV
575,Lovell,Gissop,Genderqueer,lgissopfy@blogs.com,CSV
576,Nissie,Nurny,Female,nnurnyfz@wufoo.com,CSV
577,Haleigh,Hallett,Male,hhallettg0@hp.com,CSV
578,Edna,Botly,Female,ebotlyg1@ihg.com,CSV
579,Ida,Proback,Male,iprobackg2@netlog.com,CSV
580,Joane,Grizard,Male,jgrizardg3@wikimedia.org,CSV
581,Nancie,Cooper,Female,ncooperg4@sbwire.com,CSV
582,Miller,Medhurst,Female,mmedhurstg5@mozilla.org,CSV
583,Karleen,Normant,Male,knormantg6@un.org,CSV
584,Bennett,Southorn,Female,bsouthorng7@google.cn,CSV
585,Lizabeth,Jeynes,Female,ljeynesg8@amazon.co.jp,CSV
586,Anton,Demeza,Non-binary,ademezag9@naver.com,CSV
587,Elset,Bezzant,Genderfluid,ebezzantga@com.com,CSV
588,Hortensia,MacCarlich,Female,hmaccarlichgb@time.com,CSV
589,Farris,Mart,Male,fmartgc@economist.com,CSV
590,Joanna,Teresia,Female,jteresiagd@1und1.de,CSV
591,Enriqueta,Pinkett,Female,epinkettge@printfriendly.com,CSV
592,Wini,Boshier,Male,wboshiergf@weibo.com,CSV
593,Grace,Siviter,Female,gsivitergg@apache.org,CSV
594,Price,Flasby,Female,pflasbygh@toplist.cz,CSV
595,Chas,Dryburgh,Male,cdryburghgi@zdnet.com,CSV
596,Donelle,Wendover,Female,dwendovergj@cnbc.com,CSV
597,Peggie,Frantzen,Male,pfrantzengk@weather.com,CSV
598,Junina,Habershon,Female,jhabershongl@globo.com,CSV
599,Eberhard,Ferrettino,Female,eferrettinogm@unesco.org,CSV
600,Stan,Toplin,Male,stoplingn@addtoany.com,CSV
601,Theresita,Pree,Female,tpreego@usa.gov,CSV
602,Son,Koop,Female,skoopgp@homestead.com,CSV
603,Briggs,Ellsbury,Female,bellsburygq@washington.edu,CSV
604,Mattheus,Sherrell,Male,msherrellgr@yahoo.com,CSV
605,Gilberte,Dobell,Male,gdobellgs@goo.ne.jp,CSV
606,Erhard,Diggins,Female,edigginsgt@artisteer.com,CSV
607,Antonella,Handover,Male,ahandovergu@baidu.com,CSV
608,Camilla,Segebrecht,Male,csegebrechtgv@disqus.com,CSV
609,Chryste,Elstub,Male,celstubgw@example.com,CSV
610,Diego,Mountford,Female,dmountfordgx@dagondesign.com,CSV
611,Shannon,Fleischmann,Male,sfleischmanngy@odnoklassniki.ru,CSV
612,Merrel,Hansed,Female,mhansedgz@ox.ac.uk,CSV
613,Jackelyn,Garrigan,Female,jgarriganh0@php.net,CSV
614,Cherice,Goodbur,Genderqueer,cgoodburh1@multiply.com,CSV
615,Dahlia,Hlavecek,Male,dhlavecekh2@yolasite.com,CSV
616,Rocky,Vowell,Male,rvowellh3@hatena.ne.jp,CSV
617,Harwell,Wegman,Male,hwegmanh4@unblog.fr,CSV
618,Jonas,Hanwell,Male,jhanwellh5@jimdo.com,CSV
619,Cornell,Varvara,Female,cvarvarah6@sun.com,CSV
620,Dinny,Baugham,Male,dbaughamh7@cam.ac.uk,CSV
621,Cinderella,Fudge,Male,cfudgeh8@reuters.com,CSV
622,Bobbee,Ackery,Male,backeryh9@blog.com,CSV
623,Harriet,Caldwall,Genderqueer,hcaldwallha@goodreads.com,CSV
624,Raymund,Higginbottam,Female,rhigginbottamhb@gov.uk,CSV
625,Umberto,Malenoir,Male,umalenoirhc@ocn.ne.jp,CSV
626,Raphaela,McAsgill,Female,rmcasgillhd@reverbnation.com,CSV
627,Fanya,Thamelt,Male,fthamelthe@printfriendly.com,CSV
628,Tamra,Sweeny,Male,tsweenyhf@noaa.gov,CSV
629,Siffre,Luker,Polygender,slukerhg@macromedia.com,CSV
630,Ingmar,Robertucci,Female,irobertuccihh@soundcloud.com,CSV
631,Emyle,Dewerson,Male,edewersonhi@amazon.co.uk,CSV
632,Abie,Edmed,Male,aedmedhj@china.com.cn,CSV
633,Gayler,Isley,Female,gisleyhk@narod.ru,CSV
634,Ester,Fleeming,Male,efleeminghl@cocolog-nifty.com,CSV
635,Inger,Corrado,Male,icorradohm@com.com,CSV
636,Cristian,Harnes,Female,charneshn@archive.org,CSV
637,Kali,Churches,Male,kchurchesho@prlog.org,CSV
638,Mimi,Rubery,Female,mruberyhp@angelfire.com,CSV
639,Rodolfo,Kondratowicz,Male,rkondratowiczhq@pagesperso-orange.fr,CSV
640,Berri,Aitchison,Genderqueer,baitchisonhr@abc.net.au,CSV
641,Thomasina,Broune,Female,tbrounehs@webnode.com,CSV
642,Gav,Sergison,Female,gsergisonht@cdc.gov,CSV
643,August,Challiss,Male,achallisshu@skyrock.com,CSV
644,Ozzy,Christophe,Male,ochristophehv@bizjournals.com,CSV
645,Pietrek,Simcox,Male,psimcoxhw@economist.com,CSV
646,Vannie,Scorah,Male,vscorahhx@google.nl,CSV
647,Sharline,Caunter,Genderfluid,scaunterhy@bloomberg.com,CSV
648,Genevra,Pruce,Female,gprucehz@google.com,CSV
649,Lamond,Sweeten,Polygender,lsweeteni0@diigo.com,CSV
650,Zachery,Fawkes,Male,zfawkesi1@youtube.com,CSV
651,Patrizia,Scrivener,Male,pscriveneri2@nasa.gov,CSV
652,Donnajean,Matskevich,Female,dmatskevichi3@feedburner.com,CSV
653,Stafford,Keers,Male,skeersi4@youtu.be,CSV
654,Gerald,Diche,Male,gdichei5@auda.org.au,CSV
655,Galvan,Bittlestone,Female,gbittlestonei6@hp.com,CSV
656,Damien,Parry,Male,dparryi7@ycombinator.com,CSV
657,Alyson,MacEveley,Female,amaceveleyi8@hibu.com,CSV
658,Ransom,Hollingshead,Female,rhollingsheadi9@t.co,CSV
659,Donetta,Brunone,Male,dbrunoneia@people.com.cn,CSV
660,Ellary,Lyptrade,Male,elyptradeib@canalblog.com,CSV
661,Dody,Norcutt,Female,dnorcuttic@sun.com,CSV
662,Leena,Vispo,Female,lvispoid@buzzfeed.com,CSV
663,Carmel,Mulvany,Female,cmulvanyie@redcross.org,CSV
664,Christina,Minucci,Female,cminucciif@clickbank.net,CSV
665,Brinn,Drewett,Male,bdrewettig@ucoz.ru,CSV
666,Laird,Gronaller,Female,lgronallerih@sogou.com,CSV
667,Kristo,MacEnelly,Male,kmacenellyii@yale.edu,CSV
668,Nicki,Trenchard,Male,ntrenchardij@pcworld.com,CSV
669,Allsun,Gipp,Polygender,agippik@theglobeandmail.com,CSV
670,Carilyn,Andrusov,Polygender,candrusovil@squarespace.com,CSV
671,Gwendolyn,St. John,Male,gstjohnim@fotki.com,CSV
672,Rebekah,Gothliff,Male,rgothliffin@timesonline.co.uk,CSV
673,Gale,Held,Female,gheldio@opensource.org,CSV
674,Adamo,Avramovich,Female,aavramovichip@cisco.com,CSV
675,Harrison,Dewire,Male,hdewireiq@linkedin.com,CSV
676,Corabel,Dye,Male,cdyeir@noaa.gov,CSV
677,Steward,Shippey,Female,sshippeyis@de.vu,CSV
678,Tamiko,Sieb,Female,tsiebit@nydailynews.com,CSV
679,Nicoline,Allan,Genderqueer,nallaniu@npr.org,CSV
680,Dinnie,Boddice,Polygender,dboddiceiv@myspace.com,CSV
681,Leroi,Bowie,Male,lbowieiw@home.pl,CSV
682,Janos,Hesey,Male,jheseyix@lulu.com,CSV
683,Arnie,Blaber,Male,ablaberiy@123-reg.co.uk,CSV
684,Juline,Thynne,Male,jthynneiz@barnesandnoble.com,CSV
685,Nancy,O'Hoolahan,Male,nohoolahanj0@flavors.me,CSV
686,Catha,Gabits,Male,cgabitsj1@typepad.com,CSV
687,Curry,Farington,Female,cfaringtonj2@umn.edu,CSV
688,Gerome,Salt,Male,gsaltj3@pen.io,CSV
689,Fae,Lago,Male,flagoj4@acquirethisname.com,CSV
690,Valenka,Friatt,Male,vfriattj5@google.nl,CSV
691,Pierson,Goodsir,Male,pgoodsirj6@google.de,CSV
692,Drusie,Aizikovitz,Female,daizikovitzj7@soundcloud.com,CSV
693,Rodd,Circuit,Female,rcircuitj8@mac.com,CSV
694,Dill,Weatherall,Female,dweatherallj9@skyrock.com,CSV
695,Lenore,Gilardone,Male,lgilardoneja@tiny.cc,CSV
696,Wakefield,Harrisson,Male,wharrissonjb@elegantthemes.com,CSV
697,Cristen,Borsay,Male,cborsayjc@ft.com,CSV
698,Blondelle,Mimmack,Male,bmimmackjd@etsy.com,CSV
699,Shayne,Mincini,Male,smincinije@nature.com,CSV
700,Carlin,Gever,Female,cgeverjf@t.co,CSV
701,Jamill,Rochford,Female,jrochfordjg@phoca.cz,CSV
702,Max,Webb-Bowen,Male,mwebbbowenjh@gizmodo.com,CSV
703,Morly,Meenan,Female,mmeenanji@topsy.com,CSV
704,Elle,Cobbe,Female,ecobbejj@umich.edu,CSV
705,Dita,Parlett,Male,dparlettjk@cloudflare.com,CSV
706,Hernando,Bakewell,Female,hbakewelljl@mapquest.com,CSV
707,Alana,Bennike,Male,abennikejm@aol.com,CSV
708,Dunn,Cattellion,Female,dcattellionjn@cargocollective.com,CSV
709,Linn,Smithin,Female,lsmithinjo@google.com.br,CSV
710,Elsey,Ledeker,Male,eledekerjp@cbslocal.com,CSV
711,Ambrosio,Creber,Male,acreberjq@storify.com,CSV
712,Ashby,Shah,Male,ashahjr@chronoengine.com,CSV
713,Patricio,Yeo,Agender,pyeojs@hostgator.com,CSV
714,Gearalt,Dudding,Male,gduddingjt@opensource.org,CSV
715,Kit,Ruler,Male,krulerju@sina.com.cn,CSV
716,Melisande,Persence,Male,mpersencejv@cam.ac.uk,CSV
717,Freddi,Lettley,Male,flettleyjw@java.com,CSV
718,Kahaleel,Di Gregorio,Male,kdigregoriojx@unicef.org,CSV
719,Simeon,Worsnop,Agender,sworsnopjy@wufoo.com,CSV
720,Joella,Samarth,Male,jsamarthjz@weibo.com,CSV
721,Alvera,Doctor,Female,adoctork0@rambler.ru,CSV
722,Miranda,Shorie,Male,mshoriek1@canalblog.com,CSV
723,Eydie,Ashborn,Male,eashbornk2@foxnews.com,CSV
724,Humphrey,Maghull,Female,hmaghullk3@themeforest.net,CSV
725,Nissa,Frisch,Female,nfrischk4@blogger.com,CSV
726,Town,Avrasin,Male,tavrasink5@plala.or.jp,CSV
727,Juan,Joerning,Male,jjoerningk6@nps.gov,CSV
728,Kevin,Schiefersten,Female,kschieferstenk7@webmd.com,CSV
729,Brendis,Rheam,Female,brheamk8@theguardian.com,CSV
730,Wilhelm,Peacey,Male,wpeaceyk9@miibeian.gov.cn,CSV
731,Lezley,Fassman,Female,lfassmanka@netscape.com,CSV
732,Bastian,Wesker,Genderfluid,bweskerkb@indiatimes.com,CSV
733,Laurette,Jouandet,Male,ljouandetkc@w3.org,CSV
734,Lorna,Offell,Male,loffellkd@guardian.co.uk,CSV
735,Hirsch,Darte,Male,hdarteke@youtu.be,CSV
736,Sebastien,Le Surf,Female,slesurfkf@ft.com,CSV
737,Hermione,Clarricoates,Female,hclarricoateskg@mac.com,CSV
738,Jackelyn,Wickens,Female,jwickenskh@soup.io,CSV
739,Tann,Booley,Female,tbooleyki@people.com.cn,CSV
740,Jaymie,Peerman,Male,jpeermankj@wikipedia.org,CSV
741,Tonya,Cabrales,Female,tcabraleskk@patch.com,CSV
742,Francoise,Genn,Female,fgennkl@google.es,CSV
743,Tripp,Adelberg,Male,tadelbergkm@mtv.com,CSV
744,Ciro,Hallifax,Female,challifaxkn@microsoft.com,CSV
745,Edwin,Childs,Male,echildsko@sohu.com,CSV
746,Eustacia,Camocke,Female,ecamockekp@usnews.com,CSV
747,Benoit,Jevons,Bigender,bjevonskq@weebly.com,CSV
748,Oralle,Barde,Male,obardekr@disqus.com,CSV
749,Sharleen,Parade,Male,sparadeks@cyberchimps.com,CSV
750,Lilith,McArtan,Female,lmcartankt@amazonaws.com,CSV
751,Larine,Haslock,Female,lhaslockku@sciencedaily.com,CSV
752,Sigismondo,Boate,Polygender,sboatekv@marketwatch.com,CSV
753,Reece,Bodleigh,Female,rbodleighkw@oaic.gov.au,CSV
754,Joey,Brixham,Female,jbrixhamkx@hubpages.com,CSV
755,Wandis,Kempshall,Agender,wkempshallky@nydailynews.com,CSV
756,Shanan,Thunderchief,Male,sthunderchiefkz@google.co.jp,CSV
757,Bartel,Robinet,Male,brobinetl0@sina.com.cn,CSV
758,Teresa,Grigoli,Female,tgrigolil1@4shared.com,CSV
759,Karen,Bwye,Male,kbwyel2@accuweather.com,CSV
760,Norri,Kerr,Male,nkerrl3@freewebs.com,CSV
761,Cris,Grimley,Female,cgrimleyl4@blogs.com,CSV
762,Marieann,McCrea,Bigender,mmccreal5@earthlink.net,CSV
763,Waldemar,St Leger,Male,wstlegerl6@buzzfeed.com,CSV
764,Royall,Fifoot,Male,rfifootl7@ucla.edu,CSV
765,Marlane,Croydon,Male,mcroydonl8@mediafire.com,CSV
766,Dino,Brereton,Female,dbreretonl9@webs.com,CSV
767,Perla,Khalid,Male,pkhalidla@unc.edu,CSV
768,Aleece,Porch,Male,aporchlb@umich.edu,CSV
769,Dawn,Jozef,Female,djozeflc@ovh.net,CSV
770,Nettie,Benninger,Male,nbenningerld@desdev.cn,CSV
771,Lindy,Durant,Male,ldurantle@sciencedirect.com,CSV
772,Filbert,Byard,Non-binary,fbyardlf@twitpic.com,CSV
773,Matt,Ettery,Male,metterylg@squarespace.com,CSV
774,Jeanne,Arpe,Male,jarpelh@hao123.com,CSV
775,Kristo,Musson,Female,kmussonli@nytimes.com,CSV
776,Drud,Hardcastle,Male,dhardcastlelj@webmd.com,CSV
777,Babita,Ropars,Agender,broparslk@goodreads.com,CSV
778,Cordy,Scraney,Male,cscraneyll@ehow.com,CSV
779,Gardie,Sickert,Male,gsickertlm@elpais.com,CSV
780,Mathilde,Sidney,Genderfluid,msidneyln@linkedin.com,CSV
781,Kameko,Bewshaw,Female,kbewshawlo@bbb.org,CSV
782,Tonia,Gainsborough,Male,tgainsboroughlp@businesswire.com,CSV
783,Cyrill,Haycraft,Male,chaycraftlq@reference.com,CSV
784,Kenna,Bratch,Male,kbratchlr@ucoz.com,CSV
785,Cathryn,Merwe,Female,cmerwels@epa.gov,CSV
786,Cami,Spillman,Male,cspillmanlt@about.com,CSV
787,Rori,Parradye,Male,rparradyelu@uiuc.edu,CSV
788,Ginger,Dewitt,Female,gdewittlv@nsw.gov.au,CSV
789,Wallis,Blei,Female,wbleilw@scribd.com,CSV
790,Olenolin,Tonbridge,Male,otonbridgelx@altervista.org,CSV
791,Drucill,Stainland,Male,dstainlandly@networksolutions.com,CSV
792,Ezechiel,Hathaway,Genderfluid,ehathawaylz@vimeo.com,CSV
793,Emmanuel,Stonham,Female,estonhamm0@posterous.com,CSV
794,Goldarina,Jouaneton,Male,gjouanetonm1@oracle.com,CSV
795,Waylen,Yaxley,Male,wyaxleym2@acquirethisname.com,CSV
796,Channa,Marquand,Female,cmarquandm3@e-recht24.de,CSV
797,Parrnell,Byrom,Male,pbyromm4@oracle.com,CSV
798,Benedetta,Gath,Non-binary,bgathm5@cbslocal.com,CSV
799,Krystal,Rizzi,Male,krizzim6@ihg.com,CSV
800,Stu,Amiable,Male,samiablem7@ftc.gov,CSV
801,Garey,Cundey,Female,gcundeym8@dagondesign.com,CSV
802,Rosa,Matignon,Male,rmatignonm9@hugedomains.com,CSV
803,Viv,Poter,Male,vpoterma@accuweather.com,CSV
804,Hyacinthia,McKeating,Male,hmckeatingmb@ox.ac.uk,CSV
805,Janela,Portt,Male,jporttmc@newsvine.com,CSV
806,Scarlett,Muirhead,Female,smuirheadmd@ocn.ne.jp,CSV
807,Nye,Janczyk,Male,njanczykme@mtv.com,CSV
808,Sherwin,Beamish,Female,sbeamishmf@delicious.com,CSV
809,Dennison,Flye,Male,dflyemg@last.fm,CSV
810,Barby,Tidbold,Female,btidboldmh@blinklist.com,CSV
811,Erie,Muller,Female,emullermi@goodreads.com,CSV
812,Lucina,Zink,Female,lzinkmj@dell.com,CSV
813,Kasper,Ealam,Female,kealammk@forbes.com,CSV
814,Gayel,Colls,Female,gcollsml@liveinternet.ru,CSV
815,Patience,Parcell,Male,pparcellmm@cbc.ca,CSV
816,Danella,Antrim,Male,dantrimmn@drupal.org,CSV
817,Zeke,Fassan,Female,zfassanmo@discovery.com,CSV
818,Olympie,Bremmer,Male,obremmermp@histats.com,CSV
819,Orton,Fairfoul,Female,ofairfoulmq@marketwatch.com,CSV
820,Venus,Pleasants,Male,vpleasantsmr@usgs.gov,CSV
821,Hugues,Ducker,Female,hduckerms@mail.ru,CSV
822,Amber,Reynoldson,Female,areynoldsonmt@hao123.com,CSV
823,Virgilio,McGairl,Bigender,vmcgairlmu@storify.com,CSV
824,L;urette,Speirs,Female,lspeirsmv@bloomberg.com,CSV
825,Oralla,Fylan,Male,ofylanmw@yelp.com,CSV
826,Tobit,Andreev,Female,tandreevmx@unc.edu,CSV
827,Cora,Pimlock,Male,cpimlockmy@dyndns.org,CSV
828,Odie,Dowgill,Female,odowgillmz@nps.gov,CSV
829,Charmain,Cogdell,Female,ccogdelln0@t.co,CSV
830,Ronda,Glasard,Female,rglasardn1@telegraph.co.uk,CSV
831,Dyane,Wilse,Male,dwilsen2@dion.ne.jp,CSV
832,Clarine,Dandy,Female,cdandyn3@prnewswire.com,CSV
833,Mathilda,Mulrooney,Female,mmulrooneyn4@timesonline.co.uk,CSV
834,Bunny,Mazey,Female,bmazeyn5@macromedia.com,CSV
835,Cosimo,Broseke,Female,cbroseken6@skyrock.com,CSV
836,Kamila,Friberg,Male,kfribergn7@ibm.com,CSV
837,Meghan,Midford,Female,mmidfordn8@ameblo.jp,CSV
838,Constance,Bonsall,Male,cbonsalln9@furl.net,CSV
839,Diego,Skupinski,Female,dskupinskina@usda.gov,CSV
840,Katrine,Fuster,Female,kfusternb@scientificamerican.com,CSV
841,Phillis,Kinahan,Agender,pkinahannc@samsung.com,CSV
842,Theodora,Batman,Female,tbatmannd@google.es,CSV
843,Chere,Gelsthorpe,Female,cgelsthorpene@npr.org,CSV
844,Ev,Devonshire,Male,edevonshirenf@tripod.com,CSV
845,Richard,Kelsow,Male,rkelsowng@networksolutions.com,CSV
846,Carolynn,Redemile,Non-binary,credemilenh@tuttocitta.it,CSV
847,Regine,Fibbings,Male,rfibbingsni@1688.com,CSV
848,Saundra,Dee,Male,sdeenj@sun.com,CSV
849,Hashim,Seckom,Female,hseckomnk@mashable.com,CSV
850,Colene,Aysh,Female,cayshnl@wix.com,CSV
