id,first_name,last_name,email,gender,ip_address
1,Barris,Scolts,bscolts0@narod.ru,Female,252.0.70.188
2,Lucine,Torrejon,ltorrejon1@gnu.org,Male,63.157.182.1
3,Tedie,Allon,tallon2@odnoklassniki.ru,Female,36.191.25.51
4,Merci,Millichap,mmillichap3@wired.com,Female,42.135.101.90
5,Adriano,Moxsom,amoxsom4@oakley.com,Female,163.65.37.93
6,Tildie,Buttler,tbuttler5@google.de,Male,169.237.240.60
7,Elianora,Sertin,esertin6@shinystat.com,Male,115.237.180.112
8,Ellynn,Fryer,efryer7@godaddy.com,Male,67.94.9.146
9,Marion,Ebdon,mebdon8@vk.com,Female,165.183.117.188
10,Nanine,Jeune,njeune9@hatena.ne.jp,Female,174.130.6.49
11,Petunia,Skim,pskima@rambler.ru,Male,32.222.52.237
12,Haslett,Maxsted,hmaxstedb@techcrunch.com,Female,241.71.241.89
13,Dorette,Lindell,dlindellc@tiny.cc,Male,112.149.29.197
14,Kellby,Mill,kmilld@lulu.com,Male,115.71.203.55
15,Lincoln,Davidowich,ldavidowiche@ustream.tv,Female,29.190.52.236
16,Dion,Strugnell,dstrugnellf@globo.com,Female,224.31.123.246
17,Aubrie,Philson,aphilsong@e-recht24.de,Male,135.186.199.255
18,Heida,Kochel,hkochelh@trellian.com,Genderqueer,78.83.250.223
19,Arthur,Defau,adefaui@whitehouse.gov,Female,236.171.51.245
20,Portie,Menear,pmenearj@harvard.edu,Female,133.164.115.160
21,Mitchell,Lythgoe,mlythgoek@census.gov,Polygender,212.67.252.4
22,Gregg,Kitcatt,gkitcattl@wsj.com,Female,179.100.51.198
23,Cherilynn,Ebbin,cebbinm@51.la,Male,120.146.240.124
24,Min,Creasy,mcreasyn@biglobe.ne.jp,Male,200.221.250.199
25,Ber,Bess,bbesso@wunderground.com,Agender,236.111.160.176
26,Breanne,Jeger,bjegerp@elegantthemes.com,Male,217.83.13.235
27,Izzy,Lalevee,ilaleveeq@nba.com,Male,203.146.115.30
28,Alain,MacRirie,amacririer@slate.com,Male,231.204.116.13
29,Jorgan,Masse,jmasses@sfgate.com,Male,39.186.59.31
30,Lurette,Tidy,ltidyt@cpanel.net,Female,241.254.91.188
31,Frans,Aslin,faslinu@eventbrite.com,Female,249.178.191.134
32,Cassie,Eskell,ceskellv@cam.ac.uk,Female,222.131.238.176
33,Morley,Schimek,mschimekw@oracle.com,Genderqueer,227.82.189.30
34,Gunther,Cregeen,gcregeenx@toplist.cz,Male,28.254.145.66
35,Petronia,Crowley,pcrowleyy@simplemachines.org,Male,216.249.0.183
36,Lucien,Reames,lreamesz@dion.ne.jp,Female,229.93.55.129
37,Almira,Rodrig,arodrig10@addtoany.com,Female,91.116.155.13
38,Logan,Middle,lmiddle11@amazon.co.jp,Female,163.217.195.224
39,Kally,Zannotti,kzannotti12@people.com.cn,Female,251.66.157.16
40,Suzi,Kemwall,skemwall13@nba.com,Male,45.202.126.14
41,Murry,Frogley,mfrogley14@cdbaby.com,Female,22.90.85.11
42,Candi,Reilly,creilly15@facebook.com,Male,56.148.6.25
43,Kevin,O'Murtagh,komurtagh16@deviantart.com,Male,194.165.84.12
44,Arny,Ducker,aducker17@hao123.com,Female,159.38.189.118
45,Elizabeth,Crimp,ecrimp18@myspace.com,Male,168.58.183.83
46,Cindie,Kropach,ckropach19@tumblr.com,Male,44.216.165.117
47,Krysta,Olliar,kolliar1a@google.com.hk,Female,206.75.120.141
48,Neale,Gregson,ngregson1b@go.com,Polygender,129.34.160.193
49,Tommy,Harston,tharston1c@storify.com,Male,29.206.164.120
50,Taffy,Pinel,tpinel1d@bloglines.com,Male,173.125.81.210
51,Selle,McCritichie,smccritichie1e@livejournal.com,Male,253.247.47.246
52,Dona,Hidderley,dhidderley1f@cargocollective.com,Male,133.122.91.245
53,Bjorn,Schulkins,bschulkins1g@sourceforge.net,Male,179.93.135.195
54,Trix,Starcks,tstarcks1h@parallels.com,Male,202.191.78.195
55,Welsh,Circuit,wcircuit1i@examiner.com,Male,24.51.177.98
56,Walden,Handover,whandover1j@ucsd.edu,Female,239.65.188.189
57,Stavros,Clemes,sclemes1k@economist.com,Female,37.37.102.121
58,Andras,Pymar,apymar1l@yolasite.com,Male,93.193.243.185
59,Bunnie,Souttar,bsouttar1m@nationalgeographic.com,Female,12.206.49.115
60,Elspeth,Kubczak,ekubczak1n@google.ru,Male,246.200.201.96
61,Abbi,Gather,agather1o@oaic.gov.au,Female,45.25.253.84
62,Maynord,Furbank,mfurbank1p@rambler.ru,Female,213.103.203.236
63,Mitchell,Maughan,mmaughan1q@wordpress.com,Female,169.129.144.174
64,Forster,Beadel,fbeadel1r@google.ru,Male,24.3.151.22
65,Conni,Stamps,cstamps1s@nyu.edu,Female,49.200.65.156
66,Gamaliel,Moules,gmoules1t@omniture.com,Female,163.4.178.142
67,Ag,Rowet,arowet1u@deviantart.com,Polygender,70.95.152.151
68,Lorne,May,lmay1v@foxnews.com,Female,203.85.16.186
69,Bucky,Besantie,bbesantie1w@sina.com.cn,Female,236.35.232.61
70,Otto,Pelos,opelos1x@baidu.com,Female,47.126.151.234
71,Theresita,Pinner,tpinner1y@blogspot.com,Female,41.229.23.25
72,Marlin,Fulcher,mfulcher1z@mozilla.org,Male,184.171.33.133
73,Niven,Vibert,nvibert20@bbb.org,Male,214.73.100.188
74,Nolana,Squier,nsquier21@disqus.com,Female,110.222.62.50
75,Georg,Stollenhof,gstollenhof22@engadget.com,Female,195.246.245.158
76,Yehudi,Forseith,yforseith23@sbwire.com,Female,26.161.112.165
77,Raul,Shortin,rshortin24@wiley.com,Female,85.231.176.56
78,Felicia,Kuller,fkuller25@reuters.com,Female,211.74.74.247
79,Vally,Aprahamian,vaprahamian26@jugem.jp,Male,212.7.113.92
80,Dasha,Vell,dvell27@mysql.com,Male,60.239.115.77
81,Lishe,Filippozzi,lfilippozzi28@parallels.com,Male,138.248.65.231
82,Bartel,Bett,bbett29@cyberchimps.com,Male,105.55.157.176
83,Isidora,Kleinber,ikleinber2a@arstechnica.com,Male,72.128.149.136
84,Jennilee,Caudrelier,jcaudrelier2b@dell.com,Non-binary,172.138.63.132
85,Whitman,Rooney,wrooney2c@theatlantic.com,Female,29.66.226.157
86,Dulcea,Swift,dswift2d@apple.com,Male,115.28.57.55
87,Ginger,Blenkin,gblenkin2e@t.co,Female,237.131.149.145
88,Coreen,Dollar,cdollar2f@google.ru,Male,176.100.30.109
89,Giselle,Doerr,gdoerr2g@drupal.org,Male,55.149.207.118
90,Austin,McCurlye,amccurlye2h@thetimes.co.uk,Male,202.189.21.29
91,Quill,Gladstone,qgladstone2i@illinois.edu,Female,50.111.151.245
92,Paco,Toderini,ptoderini2j@bloglovin.com,Male,232.70.37.248
93,Tommie,MacFaul,tmacfaul2k@cnn.com,Genderqueer,244.215.57.213
94,Juana,Bowen,jbowen2l@homestead.com,Male,71.170.201.145
95,Corissa,O'Crevy,cocrevy2m@hibu.com,Female,108.128.89.198
96,Nathanil,Tickle,ntickle2n@themeforest.net,Male,146.114.233.122
97,Lenora,Boffin,lboffin2o@marketwatch.com,Male,104.246.192.55
98,Lillis,Wenzel,lwenzel2p@clickbank.net,Female,215.49.51.209
99,Solomon,Midlar,smidlar2q@w3.org,Female,46.81.39.12
100,Ferris,Defty,fdefty2r@cornell.edu,Male,104.158.112.63
101,Marianne,Urlin,murlin2s@techcrunch.com,Male,120.119.123.245
102,Ced,Creenan,ccreenan2t@multiply.com,Male,7.188.213.212
103,Obediah,Jorgensen,ojorgensen2u@google.it,Non-binary,35.237.117.60
104,Delmore,Drowsfield,ddrowsfield2v@slashdot.org,Female,109.12.110.189
105,Jerrilee,Murton,jmurton2w@paginegialle.it,Female,7.30.205.209
106,Ginevra,Machon,gmachon2x@unicef.org,Bigender,39.115.134.184
107,Ky,Crannach,kcrannach2y@lycos.com,Male,186.133.111.135
108,Aurilia,Feedham,afeedham2z@oaic.gov.au,Female,227.168.74.201
109,Boothe,Andreone,bandreone30@adobe.com,Male,206.102.49.60
110,Pandora,Stopp,pstopp31@ibm.com,Female,196.151.117.237
111,Ronald,Ishaki,rishaki32@china.com.cn,Female,242.20.32.109
112,Zenia,Middlemass,zmiddlemass33@ifeng.com,Male,124.21.97.19
113,Kiah,Phizackarley,kphizackarley34@ucoz.ru,Female,237.75.181.127
114,Lynette,Beeken,lbeeken35@purevolume.com,Genderqueer,21.44.26.82
115,Brocky,Ainger,bainger36@washington.edu,Agender,246.49.149.48
116,Rozella,Draysay,rdraysay37@businesswire.com,Bigender,96.127.9.114
117,Martelle,Furmagier,mfurmagier38@auda.org.au,Non-binary,148.61.102.54
118,Missy,Lowson,mlowson39@g.co,Female,155.194.179.101
119,Liana,Board,lboard3a@constantcontact.com,Female,138.120.66.17
120,Maryann,Burnell,mburnell3b@issuu.com,Female,105.182.234.137
121,Ingrim,Eliassen,ieliassen3c@yellowpages.com,Female,152.102.48.207
122,Dean,Finnigan,dfinnigan3d@disqus.com,Male,75.18.164.59
123,Harri,Barham,hbarham3e@latimes.com,Female,14.167.241.42
124,Hermia,Halgarth,hhalgarth3f@army.mil,Agender,34.178.75.115
125,Warren,Rewcastle,wrewcastle3g@ox.ac.uk,Bigender,196.97.14.177
126,Laurie,Moncreiffe,lmoncreiffe3h@naver.com,Male,135.240.133.40
127,Gena,Rosettini,grosettini3i@bizjournals.com,Male,65.112.148.123
128,Lezlie,Seid,lseid3j@ask.com,Female,105.112.127.231
129,Lynea,McGorley,lmcgorley3k@facebook.com,Genderfluid,113.43.106.14
130,Corenda,Grigoriev,cgrigoriev3l@merriam-webster.com,Male,128.235.218.220
131,Dillie,Cashford,dcashford3m@about.me,Male,205.10.74.83
132,Carley,Clausewitz,cclausewitz3n@google.es,Female,80.146.244.85
133,Orazio,Kevlin,okevlin3o@hostgator.com,Non-binary,137.150.72.181
134,Karoly,Turpie,kturpie3p@upenn.edu,Agender,91.113.238.187
135,Kissie,Lavington,klavington3q@noaa.gov,Female,75.148.132.236
136,Hanson,Carrol,hcarrol3r@google.com.hk,Female,162.75.51.66
137,Lon,Shrubb,lshrubb3s@live.com,Male,31.168.153.123
138,Kandy,Hum,khum3t@mail.ru,Male,121.77.118.6
139,Tomi,Mewe,tmewe3u@hao123.com,Female,25.160.42.238
140,Melody,Jone,mjone3v@flavors.me,Male,180.14.10.15
141,Regine,Tidcombe,rtidcombe3w@diigo.com,Male,97.219.21.229
142,Doro,But,dbut3x@paypal.com,Female,125.47.8.89
143,Loella,Ahrenius,lahrenius3y@bbc.co.uk,Male,123.232.47.1
144,Duffie,Taree,dtaree3z@timesonline.co.uk,Female,226.115.4.59
145,Kimmy,Whitehead,kwhitehead40@foxnews.com,Female,69.59.2.165
146,Ronald,Chidzoy,rchidzoy41@marketwatch.com,Female,142.204.28.109
147,Zulema,Levesley,zlevesley42@dell.com,Female,35.143.210.145
148,Mordecai,Azam,mazam43@bigcartel.com,Male,134.129.51.246
149,Gabbi,Dadd,gdadd44@vinaora.com,Male,216.98.35.246
150,Fiona,Vase,fvase45@exblog.jp,Male,84.95.220.2
151,Joana,Durdle,jdurdle46@typepad.com,Male,187.69.234.10
152,Cathrine,Giovanazzi,cgiovanazzi47@themeforest.net,Female,161.214.89.227
153,Frederico,Luckcuck,fluckcuck48@google.co.jp,Female,179.119.253.238
154,Alain,Attree,aattree49@reverbnation.com,Male,223.223.197.214
155,Onfre,Guest,oguest4a@cbc.ca,Male,33.58.237.31
156,Jakob,Adamec,jadamec4b@globo.com,Female,38.251.32.235
157,Kingston,Ackenson,kackenson4c@xrea.com,Male,131.240.113.191
158,Hendrika,Vautre,hvautre4d@devhub.com,Non-binary,178.8.54.225
159,Nappy,Harg,nharg4e@e-recht24.de,Female,56.12.146.82
160,Fanechka,Morrieson,fmorrieson4f@php.net,Male,217.93.174.84
161,Edithe,Greenland,egreenland4g@mail.ru,Non-binary,33.205.172.75
162,Kristal,Chaize,kchaize4h@opera.com,Female,170.60.8.91
163,Denyse,Downey,ddowney4i@ebay.com,Polygender,76.64.233.153
164,Markos,Cowx,mcowx4j@soundcloud.com,Male,190.1.106.240
165,Tiebout,Dalley,tdalley4k@noaa.gov,Male,200.112.45.4
166,Mitchel,Calow,mcalow4l@51.la,Male,68.5.56.150
167,Kenton,Wickett,kwickett4m@japanpost.jp,Female,250.240.120.113
168,Sianna,Heelis,sheelis4n@weibo.com,Female,46.94.189.185
169,Keen,Dunseath,kdunseath4o@bigcartel.com,Male,146.140.147.33
170,Aubrey,Ridder,aridder4p@domainmarket.com,Male,71.109.84.180
171,Wilfred,Proske,wproske4q@goodreads.com,Female,222.69.83.35
172,Sofia,Skryne,sskryne4r@livejournal.com,Female,184.2.247.3
173,Joline,Ayrs,jayrs4s@google.co.jp,Male,133.232.238.5
174,Cristen,St. John,cstjohn4t@howstuffworks.com,Female,151.119.77.188
175,Nickie,Gover,ngover4u@posterous.com,Female,140.213.152.222
176,Aubry,Van Geffen,avangeffen4v@miitbeian.gov.cn,Female,164.203.12.78
177,Anallise,Campanelli,acampanelli4w@nba.com,Female,121.32.113.87
178,Tadeo,Stobie,tstobie4x@weebly.com,Female,158.180.97.0
179,Mikey,Larcombe,mlarcombe4y@wisc.edu,Female,79.202.245.98
180,Merry,Legerton,mlegerton4z@1und1.de,Female,81.46.136.37
181,Bellina,Over,bover50@noaa.gov,Bigender,91.79.41.206
182,Mireielle,Poulston,mpoulston51@fastcompany.com,Female,7.160.101.110
183,Shawn,Stearn,sstearn52@printfriendly.com,Male,33.25.187.247
184,Madelina,Southall,msouthall53@cornell.edu,Female,23.152.104.71
185,Parnell,Keal,pkeal54@so-net.ne.jp,Male,69.221.108.50
186,Nelson,Tipton,ntipton55@apple.com,Male,71.24.245.242
187,Luis,Yexley,lyexley56@studiopress.com,Female,203.123.70.108
188,Milzie,Almond,malmond57@oakley.com,Female,26.21.137.115
189,Merrie,Joscelyne,mjoscelyne58@youtu.be,Female,178.54.27.102
190,Harrietta,Brazil,hbrazil59@simplemachines.org,Female,233.159.170.217
191,Zacharias,Fowley,zfowley5a@discovery.com,Polygender,38.218.8.104
192,Agatha,Gyer,agyer5b@dell.com,Female,159.185.63.138
193,Annabela,Deignan,adeignan5c@ucla.edu,Agender,236.252.70.224
194,Jemima,Dani,jdani5d@psu.edu,Female,134.241.53.65
195,Claude,Busain,cbusain5e@redcross.org,Female,197.116.169.106
196,Tristam,Huxtable,thuxtable5f@comsenz.com,Female,96.139.34.28
197,Ermina,Grigolli,egrigolli5g@reuters.com,Female,146.107.8.120
198,Jody,McClenan,jmcclenan5h@ifeng.com,Male,172.53.242.30
199,Pris,Godsell,pgodsell5i@canalblog.com,Female,160.125.8.122
200,Jehanna,Laviss,jlaviss5j@networksolutions.com,Female,200.22.41.237
201,Rafa,Mainwaring,rmainwaring5k@yandex.ru,Male,55.199.64.201
202,Mitch,Germann,mgermann5l@cnbc.com,Male,187.125.149.199
203,Bette-ann,Fierman,bfierman5m@cnbc.com,Female,64.92.158.135
204,Woody,Gladdifh,wgladdifh5n@list-manage.com,Male,192.128.2.76
205,Mathe,Doran,mdoran5o@hexun.com,Female,83.250.165.20
206,Gilbert,Antognoni,gantognoni5p@dell.com,Male,33.239.6.169
207,Florry,Ringrose,fringrose5q@comcast.net,Female,155.120.175.146
208,Katharyn,Ferras,kferras5r@arstechnica.com,Female,35.128.38.29
209,Braden,Etty,betty5s@storify.com,Female,222.190.235.193
210,Ceil,Seneschal,cseneschal5t@nymag.com,Female,20.254.147.175
211,Solly,Smorthwaite,ssmorthwaite5u@diigo.com,Male,135.162.137.214
212,Lynn,Echlin,lechlin5v@bbc.co.uk,Non-binary,96.90.236.239
213,Kylila,Vaux,kvaux5w@timesonline.co.uk,Female,1.155.87.169
214,Jeannine,Jon,jjon5x@theatlantic.com,Non-binary,29.170.53.242
215,Inigo,Muff,imuff5y@smh.com.au,Male,220.251.150.229
216,Fanchette,Molineaux,fmolineaux5z@ustream.tv,Male,114.68.75.33
217,Woody,Albisser,walbisser60@icio.us,Female,84.119.164.75
218,Alfons,Sherry,asherry61@imgur.com,Male,244.147.90.252
219,Angeline,Henstridge,ahenstridge62@vistaprint.com,Male,25.2.74.17
220,Mort,Barras,mbarras63@t.co,Genderqueer,219.230.190.225
221,Frederico,Hebblethwaite,fhebblethwaite64@aboutads.info,Male,144.101.219.32
222,Leoine,Raxworthy,lraxworthy65@simplemachines.org,Male,151.239.37.176
223,Neil,Docharty,ndocharty66@scribd.com,Male,34.75.223.184
224,Gale,Byres,gbyres67@newyorker.com,Agender,197.253.241.89
225,Abbey,Grigolon,agrigolon68@shop-pro.jp,Male,27.91.158.50
226,Sigmund,Winspire,swinspire69@hexun.com,Female,252.130.164.127
227,Catrina,Martins,cmartins6a@1und1.de,Female,165.165.123.247
228,Bernadina,Dymick,bdymick6b@baidu.com,Female,216.40.49.224
229,Marthe,Mathiassen,mmathiassen6c@jigsy.com,Male,50.175.149.205
230,Gusta,Leonards,gleonards6d@ihg.com,Male,103.218.239.36
231,Janith,Yewdall,jyewdall6e@slate.com,Female,235.166.197.170
232,Morgan,Epilet,mepilet6f@icio.us,Female,57.207.186.64
233,Ceciley,Lydiard,clydiard6g@macromedia.com,Female,161.28.70.217
234,Mollee,MacPhaden,mmacphaden6h@microsoft.com,Female,234.252.114.6
235,Mitchel,Ranstead,mranstead6i@issuu.com,Male,166.122.229.32
236,Roderigo,Spittal,rspittal6j@twitter.com,Male,253.90.7.48
237,Monty,Olsson,molsson6k@patch.com,Male,120.0.110.28
238,Elisa,Rutigliano,erutigliano6l@eventbrite.com,Female,203.107.222.202
239,Fabiano,Porch,fporch6m@statcounter.com,Female,1.229.45.57
240,Kelvin,Wynne,kwynne6n@tripadvisor.com,Male,193.246.210.135
241,Keen,Noods,knoods6o@about.com,Male,218.214.171.243
242,Ford,Gathercole,fgathercole6p@state.gov,Male,64.248.220.189
243,Gawen,Dodworth,gdodworth6q@cbslocal.com,Male,86.39.103.115
244,Monique,Picheford,mpicheford6r@ihg.com,Female,64.191.252.120
245,Hatti,Alman,halman6s@xinhuanet.com,Female,155.253.127.110
246,Barthel,Phillis,bphillis6t@census.gov,Non-binary,245.181.222.196
247,Rosa,Asprey,rasprey6u@nytimes.com,Polygender,48.228.3.212
248,Jazmin,Laverenz,jlaverenz6v@google.ru,Male,81.19.158.110
249,Matilde,Niess,mniess6w@taobao.com,Male,73.69.254.148
250,Brit,Senechell,bsenechell6x@telegraph.co.uk,Male,232.144.126.133
251,Angil,Wordsley,awordsley6y@phoca.cz,Female,84.6.176.105
252,Vidovic,Baglan,vbaglan6z@flickr.com,Female,148.55.57.42
253,Anson,Penhaligon,apenhaligon70@cyberchimps.com,Female,154.11.19.80
254,Stevena,Swayne,sswayne71@webs.com,Male,99.93.108.84
255,Miller,Ryall,mryall72@elpais.com,Male,197.75.119.242
256,Luci,Stepto,lstepto73@dropbox.com,Male,223.162.41.130
257,Jarred,Barnshaw,jbarnshaw74@domainmarket.com,Female,21.230.125.235
258,Casandra,Dehm,cdehm75@cbc.ca,Agender,135.243.10.213
259,Cozmo,Curtis,ccurtis76@photobucket.com,Male,216.85.142.206
260,Peterus,Martynikhin,pmartynikhin77@dmoz.org,Male,160.28.49.70
261,Lothario,Nendick,lnendick78@blog.com,Male,60.120.14.108
262,Harris,Stell,hstell79@smh.com.au,Male,232.33.116.87
263,Luciana,Woolam,lwoolam7a@chron.com,Male,113.17.164.3
264,Boothe,Baignard,bbaignard7b@toplist.cz,Female,164.63.158.251
265,Hillier,Beslier,hbeslier7c@qq.com,Male,75.240.187.61
266,Raleigh,Dudeney,rdudeney7d@nyu.edu,Female,3.98.90.61
267,Marsiella,Parnby,mparnby7e@elpais.com,Male,33.120.91.128
268,Constantino,Baxstar,cbaxstar7f@soup.io,Male,59.96.197.63
269,Renaldo,Phelps,rphelps7g@nhs.uk,Female,219.32.50.114
270,Codee,Alywin,calywin7h@npr.org,Bigender,242.241.161.37
271,Cesar,Laughtisse,claughtisse7i@yelp.com,Female,242.57.102.172
272,Kayle,Larkcum,klarkcum7j@gizmodo.com,Female,20.104.189.204
273,Humfrid,Bickerdike,hbickerdike7k@tumblr.com,Female,201.249.168.246
274,Wyn,Hattersley,whattersley7l@nydailynews.com,Male,234.221.220.147
275,Moira,Gidden,mgidden7m@europa.eu,Female,143.10.21.144
276,Chloe,Postan,cpostan7n@google.com.hk,Female,147.10.182.84
277,Cornela,Piercey,cpiercey7o@moonfruit.com,Male,124.52.237.231
278,Cookie,Conti,cconti7p@nhs.uk,Male,83.243.207.77
279,Padraig,Lunge,plunge7q@tuttocitta.it,Female,162.192.103.119
280,Ferguson,Rantoul,frantoul7r@multiply.com,Male,55.203.238.195
281,Ulrika,Darton,udarton7s@upenn.edu,Female,238.50.92.123
282,Xenos,Lawlings,xlawlings7t@pen.io,Male,9.134.107.178
283,Joell,Cowlas,jcowlas7u@bravesites.com,Male,203.188.52.246
284,Florie,Marrow,fmarrow7v@answers.com,Male,58.221.153.126
285,Aland,Commusso,acommusso7w@independent.co.uk,Female,96.64.211.166
286,Danya,Beeton,dbeeton7x@ihg.com,Female,204.194.137.237
287,Ross,MacColl,rmaccoll7y@networksolutions.com,Male,176.148.130.125
288,Sonni,Schonfelder,sschonfelder7z@statcounter.com,Male,180.7.20.181
289,Noach,Bollins,nbollins80@canalblog.com,Male,62.191.97.227
290,Patsy,Insull,pinsull81@nyu.edu,Genderqueer,4.119.235.196
291,Nessie,Iskov,niskov82@boston.com,Male,41.76.174.158
292,Almeria,Danielsky,adanielsky83@edublogs.org,Male,25.24.58.40
293,Corey,Caldaro,ccaldaro84@nbcnews.com,Female,7.252.157.21
294,Merv,Hellier,mhellier85@state.tx.us,Female,92.104.41.169
295,Barny,Cartmel,bcartmel86@mac.com,Female,87.14.45.148
296,Tracie,Timeby,ttimeby87@newyorker.com,Male,119.133.33.230
297,Becka,Boulde,bboulde88@example.com,Female,154.200.171.235
298,Josy,Pennings,jpennings89@weibo.com,Male,90.171.12.121
299,Aindrea,Shellibeer,ashellibeer8a@123-reg.co.uk,Female,7.209.91.233
300,Cornela,Youson,cyouson8b@dion.ne.jp,Male,70.205.170.7
301,Ad,Crenage,acrenage8c@reuters.com,Male,249.20.103.31
302,Nicholle,Daymond,ndaymond8d@posterous.com,Male,96.187.80.176
303,Vonni,Tetley,vtetley8e@seattletimes.com,Female,225.85.100.138
304,Bertina,Muzzillo,bmuzzillo8f@t.co,Female,118.60.164.114
305,Roley,Strangward,rstrangward8g@npr.org,Male,69.41.160.110
306,Thaddeus,Huddle,thuddle8h@delicious.com,Non-binary,118.72.120.127
307,Josephina,Mulrooney,jmulrooney8i@businesswire.com,Male,173.191.108.175
308,Rafaello,Cameron,rcameron8j@omniture.com,Male,91.235.172.77
309,Omar,Dochon,odochon8k@statcounter.com,Male,129.193.233.187
310,Florida,Everwin,feverwin8l@cloudflare.com,Male,217.188.64.133
311,Christy,MacKeague,cmackeague8m@stumbleupon.com,Female,43.254.38.86
312,Margery,Druitt,mdruitt8n@techcrunch.com,Female,27.235.209.20
313,Dun,Lockey,dlockey8o@e-recht24.de,Female,150.119.166.195
314,Allegra,Fiddian,afiddian8p@de.vu,Male,80.219.117.149
315,Thebault,Maass,tmaass8q@vistaprint.com,Female,36.64.47.89
316,Ferne,Nudds,fnudds8r@icio.us,Female,161.34.143.240
317,Fredric,Nayshe,fnayshe8s@linkedin.com,Male,229.234.176.155
318,Kitty,Maeer,kmaeer8t@4shared.com,Male,46.163.99.185
319,Steffie,Sherborne,ssherborne8u@deviantart.com,Female,115.142.60.58
320,Alisha,Lyttle,alyttle8v@wsj.com,Male,236.94.18.66
321,Blondie,Gater,bgater8w@nbcnews.com,Female,128.140.15.108
322,Karee,Zanicchi,kzanicchi8x@cbsnews.com,Male,208.1.19.231
323,Iorgos,Woolrich,iwoolrich8y@blogtalkradio.com,Female,203.159.103.126
324,Joleen,MacPaik,jmacpaik8z@usnews.com,Male,89.163.71.30
325,Rycca,Gulland,rgulland90@jugem.jp,Female,50.216.19.177
326,Jodie,Fidoe,jfidoe91@google.com.hk,Female,87.224.222.247
327,Janaya,Marshland,jmarshland92@wsj.com,Female,142.231.169.28
328,Martynne,Avieson,mavieson93@oracle.com,Female,230.126.217.97
329,Lilli,Tatersale,ltatersale94@geocities.jp,Male,183.171.199.46
330,Darline,Brandsen,dbrandsen95@xrea.com,Female,188.8.138.173
331,Ellyn,Duignan,eduignan96@shareasale.com,Male,145.121.77.57
332,Jorie,Spellacey,jspellacey97@cargocollective.com,Female,71.36.11.98
333,Suzy,Wordington,swordington98@github.com,Female,153.194.84.235
334,Moyna,Kirkup,mkirkup99@hhs.gov,Female,36.179.150.7
335,Claire,Morais,cmorais9a@domainmarket.com,Male,184.13.24.138
336,Clarie,Goroni,cgoroni9b@livejournal.com,Male,215.93.98.199
337,Marten,Brimman,mbrimman9c@macromedia.com,Female,91.91.79.197
338,Felicia,Petters,fpetters9d@mapquest.com,Male,158.232.236.122
339,Candide,Getsham,cgetsham9e@newsvine.com,Male,186.162.6.9
340,Ancell,Freed,afreed9f@va.gov,Male,109.136.34.34
341,Brunhilde,Loutheane,bloutheane9g@nps.gov,Female,221.52.20.26
342,Cyrillus,Rzehorz,crzehorz9h@ucoz.com,Female,196.180.151.103
343,Jervis,Thrower,jthrower9i@examiner.com,Female,50.103.191.145
344,Eileen,Bockh,ebockh9j@typepad.com,Male,174.205.138.41
345,Ranique,Blakebrough,rblakebrough9k@ow.ly,Male,208.188.28.133
346,Horace,Wynett,hwynett9l@weather.com,Male,230.1.73.219
347,Niki,Danielski,ndanielski9m@biglobe.ne.jp,Male,74.59.199.0
348,Spenser,Ferreri,sferreri9n@msn.com,Non-binary,22.196.125.156
349,Nell,Romand,nromand9o@latimes.com,Female,104.177.175.74
350,Alon,von Grollmann,avongrollmann9p@discovery.com,Male,142.101.52.98
351,Coriss,Ferronet,cferronet9q@hp.com,Male,111.41.9.254
352,Wiley,Macken,wmacken9r@google.pl,Female,65.85.114.161
353,Niall,Cammocke,ncammocke9s@time.com,Male,81.230.121.237
354,Roxy,Wissbey,rwissbey9t@amazonaws.com,Male,133.62.44.44
355,Sharla,Billany,sbillany9u@alexa.com,Female,251.128.248.252
356,Hebert,Aistrop,haistrop9v@earthlink.net,Male,235.87.87.241
357,Suzann,Maskill,smaskill9w@hatena.ne.jp,Male,54.76.242.223
358,Thedric,Konke,tkonke9x@wikispaces.com,Male,224.104.62.128
359,Andie,Guiot,aguiot9y@psu.edu,Female,172.137.31.82
360,Jo-anne,Eckert,jeckert9z@businesswire.com,Male,20.214.47.12
361,Daria,Verner,dvernera0@eventbrite.com,Male,148.124.15.203
362,Calla,Roby,crobya1@over-blog.com,Male,32.28.140.110
363,Welsh,Mackin,wmackina2@bigcartel.com,Male,245.65.21.54
364,Daron,Brogden,dbrogdena3@friendfeed.com,Agender,253.22.214.229
365,Eudora,Foucard,efoucarda4@umich.edu,Male,95.20.248.159
366,Gwenora,Pennacci,gpennaccia5@accuweather.com,Female,239.69.215.113
367,Brandice,Haughton,bhaughtona6@answers.com,Male,115.248.114.64
368,Mirelle,Virr,mvirra7@youku.com,Female,161.145.30.168
369,Weston,MacNeillie,wmacneilliea8@technorati.com,Male,124.153.215.143
370,Ryley,Brand,rbranda9@whitehouse.gov,Male,40.134.36.230
371,Bev,Ferriman,bferrimanaa@ask.com,Female,180.16.73.254
372,Alta,Crathern,acrathernab@homestead.com,Male,121.185.69.132
373,Brana,Sutheran,bsutheranac@arstechnica.com,Male,95.115.21.63
374,Celestine,Coast,ccoastad@skyrock.com,Female,54.140.197.59
375,Lindie,Horche,lhorcheae@ask.com,Female,19.144.203.124
376,Rodger,Honsch,rhonschaf@unblog.fr,Female,245.222.89.125
377,Ross,Tolefree,rtolefreeag@webs.com,Male,26.194.232.60
378,Ariela,Assad,aassadah@independent.co.uk,Female,41.184.243.186
379,Tyson,Bastian,tbastianai@webs.com,Male,130.76.163.77
380,Reggy,Cockland,rcocklandaj@xrea.com,Female,249.125.227.9
381,Garv,Sommerfeld,gsommerfeldak@loc.gov,Female,132.165.104.158
382,Celina,Roubeix,croubeixal@forbes.com,Female,228.200.148.140
383,Thatch,O'Dyvoy,todyvoyam@time.com,Male,119.6.251.49
384,Dorthea,Bennis,dbennisan@w3.org,Female,251.146.66.122
385,Ferdinand,Lamas,flamasao@soundcloud.com,Female,77.103.44.204
386,Jaclin,Hanne,jhanneap@admin.ch,Male,141.185.8.93
387,Kattie,Toy,ktoyaq@shareasale.com,Female,186.123.175.201
388,Beatrice,Baudinet,bbaudinetar@bloglines.com,Male,102.213.65.198
389,Olivia,Arend,oarendas@vk.com,Male,102.223.200.67
390,Clint,Le Conte,cleconteat@com.com,Female,114.88.170.243
391,Aigneis,Bamforth,abamforthau@ca.gov,Female,215.240.127.158
392,Binny,Wickwar,bwickwarav@instagram.com,Female,243.237.20.195
393,Sibyl,MacAscaidh,smacascaidhaw@fastcompany.com,Male,11.6.145.184
394,Roth,Pittman,rpittmanax@slate.com,Female,94.118.229.181
395,Danice,Kerne,dkerneay@cargocollective.com,Male,68.102.94.79
396,Mirabella,Fouracre,mfouracreaz@sfgate.com,Male,45.70.235.204
397,Sarina,Mico,smicob0@oaic.gov.au,Female,183.218.214.149
398,Evered,Schlag,eschlagb1@quantcast.com,Male,203.247.235.17
399,Derry,Claiton,dclaitonb2@google.es,Male,86.127.145.254
400,Wallas,Worboy,wworboyb3@google.it,Polygender,248.167.219.226
401,Hildegarde,Maton,hmatonb4@wired.com,Female,136.48.223.88
402,Mordy,Betteriss,mbetterissb5@biblegateway.com,Female,146.160.124.171
403,Rachael,Snaith,rsnaithb6@cbsnews.com,Female,220.32.176.146
404,Silvain,Leechman,sleechmanb7@webmd.com,Agender,246.104.255.2
405,Lewiss,Argontt,largonttb8@163.com,Male,17.189.19.94
406,Angil,Davidsen,adavidsenb9@livejournal.com,Male,197.178.97.252
407,Obidiah,O'Criane,oocrianeba@instagram.com,Genderfluid,68.173.136.129
408,Wilbur,Callway,wcallwaybb@sakura.ne.jp,Female,99.163.30.149
409,Constancy,Huriche,churichebc@photobucket.com,Female,20.102.201.253
410,Richy,Coey,rcoeybd@kickstarter.com,Male,121.178.102.68
411,Annelise,Mathias,amathiasbe@un.org,Male,56.186.82.203
412,Theressa,Poplee,tpopleebf@amazonaws.com,Female,34.111.160.4
413,Ody,Groocock,ogroocockbg@sciencedirect.com,Male,248.97.58.216
414,Bernita,Blatchford,bblatchfordbh@wsj.com,Female,214.65.122.53
415,Mikael,Quilty,mquiltybi@hubpages.com,Male,85.248.228.155
416,Granger,Rummer,grummerbj@seattletimes.com,Male,154.196.115.224
417,Rosabel,Rawlings,rrawlingsbk@godaddy.com,Bigender,178.112.107.60
418,Cordula,Cometson,ccometsonbl@livejournal.com,Female,162.106.121.201
419,Jard,Polet,jpoletbm@redcross.org,Male,150.35.233.124
420,Darnell,O' Faherty,dofahertybn@skyrock.com,Male,134.251.128.234
421,Roxanna,D'Alessandro,rdalessandrobo@clickbank.net,Female,62.201.221.23
422,Vincents,Manton,vmantonbp@wikia.com,Male,216.244.11.227
423,Thaddeus,Wheater,twheaterbq@cam.ac.uk,Male,191.96.226.171
424,Montague,Younge,myoungebr@deliciousdays.com,Male,46.243.161.229
425,Wat,Andresen,wandresenbs@redcross.org,Male,196.217.119.137
426,Goldarina,Laven,glavenbt@fastcompany.com,Female,110.124.155.178
427,Nonnah,Bezley,nbezleybu@aol.com,Female,231.112.7.207
428,Rebe,Janikowski,rjanikowskibv@forbes.com,Female,2.248.164.217
429,Merola,Surcomb,msurcombbw@cam.ac.uk,Agender,145.12.55.214
430,Baryram,Gavini,bgavinibx@scribd.com,Female,59.226.126.226
431,Gerhardine,Gomes,ggomesby@reverbnation.com,Male,219.93.127.109
432,Corey,Jubert,cjubertbz@wikia.com,Male,135.14.79.129
433,Norbie,Adamo,nadamoc0@skyrock.com,Female,131.244.169.72
434,Kevina,Storrs,kstorrsc1@vkontakte.ru,Non-binary,168.7.113.146
435,Lorenzo,Gibbins,lgibbinsc2@hp.com,Female,44.225.192.37
436,Melissa,McGarry,mmcgarryc3@wunderground.com,Male,39.120.169.11
437,Arne,McKilroe,amckilroec4@dailymail.co.uk,Polygender,108.101.81.215
438,Berny,Daskiewicz,bdaskiewiczc5@nifty.com,Male,157.182.15.182
439,Cris,Blyth,cblythc6@craigslist.org,Male,144.104.26.14
440,Cecilla,Widger,cwidgerc7@cnbc.com,Male,179.21.17.146
441,Ephrayim,Avrahamoff,eavrahamoffc8@arstechnica.com,Female,114.185.234.73
442,Crin,Skein,cskeinc9@jimdo.com,Male,51.145.74.33
443,Dion,Thoumasson,dthoumassonca@ameblo.jp,Female,122.225.197.189
444,Harrietta,Mation,hmationcb@wunderground.com,Male,159.122.54.95
445,Rutter,Oxtarby,roxtarbycc@fda.gov,Female,212.218.48.79
446,Chase,Worswick,cworswickcd@google.pl,Female,107.227.12.133
447,Rafael,Quigley,rquigleyce@bravesites.com,Male,115.229.253.216
448,Eirena,Cullerne,ecullernecf@ed.gov,Agender,39.155.6.63
449,Helli,Boerder,hboerdercg@vk.com,Female,59.166.116.185
450,Briana,Wainwright,bwainwrightch@behance.net,Female,129.206.167.26
451,Isabella,Lomb,ilombci@slashdot.org,Genderqueer,58.85.12.118
452,Agnola,Lyall,alyallcj@wikia.com,Female,203.98.29.147
453,Pat,Havelin,phavelinck@paginegialle.it,Female,69.73.216.120
454,Ben,Arthur,barthurcl@nsw.gov.au,Female,67.108.123.133
455,Mildred,Wimpey,mwimpeycm@webs.com,Male,12.248.21.198
456,Alta,Myerscough,amyerscoughcn@umn.edu,Male,161.191.33.18
457,Harlie,Teek,hteekco@globo.com,Female,75.246.222.182
458,Milka,Carnoghan,mcarnoghancp@360.cn,Female,251.71.228.18
459,Stern,Hemphill,shemphillcq@indiegogo.com,Female,201.196.208.130
460,Hillie,Ouldcott,houldcottcr@hexun.com,Female,238.31.134.207
461,Giorgia,de Glanville,gdeglanvillecs@wikipedia.org,Female,134.31.2.76
462,Bay,Chason,bchasonct@salon.com,Male,136.193.222.249
463,Amie,McGarrie,amcgarriecu@rediff.com,Female,98.140.111.58
464,Stavro,Stannas,sstannascv@miitbeian.gov.cn,Male,71.165.197.189
465,Heinrik,Medina,hmedinacw@sogou.com,Male,34.180.113.69
466,Jerrylee,Findon,jfindoncx@dot.gov,Female,122.78.194.237
467,Leigha,Izod,lizodcy@macromedia.com,Female,26.93.57.242
468,Doll,Pouton,dpoutoncz@howstuffworks.com,Female,37.84.129.202
469,Mersey,Cornell,mcornelld0@netscape.com,Male,207.127.3.183
470,Kenneth,Ellerby,kellerbyd1@amazon.com,Male,9.229.37.173
471,Beatrice,Peery,bpeeryd2@yahoo.com,Male,209.45.82.90
472,Britt,Leuchars,bleucharsd3@devhub.com,Male,70.28.79.57
473,Redd,MacAlister,rmacalisterd4@chronoengine.com,Male,122.116.134.149
474,Cecilio,Corsan,ccorsand5@discuz.net,Female,85.216.179.242
475,Caleb,Giorgioni,cgiorgionid6@cnbc.com,Female,56.242.126.220
476,Curran,Campbell-Dunlop,ccampbelldunlopd7@imageshack.us,Genderqueer,2.23.142.51
477,Hestia,Kirckman,hkirckmand8@cargocollective.com,Male,164.21.168.80
478,Warde,Dibnah,wdibnahd9@howstuffworks.com,Female,74.12.22.208
479,Erny,Lambourne,elambourneda@apache.org,Male,172.102.192.180
480,Royall,Tuffin,rtuffindb@example.com,Male,95.130.85.94
481,Goraud,Rushe,grushedc@nyu.edu,Male,75.20.36.139
482,Hilly,Anker,hankerdd@altervista.org,Non-binary,205.135.81.182
483,Gabi,Carloni,gcarlonide@ft.com,Male,3.91.39.92
484,Spike,Lardner,slardnerdf@ebay.com,Male,250.114.62.198
485,Hillel,Gaine of England,hgaineofenglanddg@purevolume.com,Male,168.151.243.25
486,Correy,Berrycloth,cberryclothdh@chicagotribune.com,Male,115.7.234.144
487,Keslie,Pinckney,kpinckneydi@shareasale.com,Male,244.107.243.98
488,Teddi,Renol,trenoldj@e-recht24.de,Male,69.10.69.152
489,Cara,Chalke,cchalkedk@businessweek.com,Male,114.110.67.132
490,Modestine,Blaxlande,mblaxlandedl@mediafire.com,Male,141.71.129.17
491,Amery,Perrins,aperrinsdm@smugmug.com,Male,90.154.162.17
492,Lorilyn,Duxbarry,lduxbarrydn@rediff.com,Male,116.69.10.108
493,Cort,Ketteman,ckettemando@sbwire.com,Female,3.73.153.85
494,Devondra,Napoleon,dnapoleondp@mlb.com,Male,130.246.246.58
495,Mozelle,Gaskall,mgaskalldq@ocn.ne.jp,Female,227.83.17.228
496,Vanda,Longlands,vlonglandsdr@tmall.com,Male,201.181.169.177
497,Tarrah,McGiven,tmcgivends@nydailynews.com,Male,43.43.144.29
498,Elvin,Limbert,elimbertdt@unblog.fr,Female,125.122.141.185
499,Nikki,Waterhowse,nwaterhowsedu@google.ru,Female,64.74.47.97
500,Darci,Kleinhaut,dkleinhautdv@icq.com,Male,131.251.80.89
501,Dalli,Grzeskowski,dgrzeskowskidw@shareasale.com,Male,207.197.168.42
502,Christie,Wayper,cwayperdx@biglobe.ne.jp,Female,42.54.206.248
503,Sonni,Twopenny,stwopennydy@sina.com.cn,Male,147.246.163.249
504,Stace,Lavallin,slavallindz@wikia.com,Female,49.182.22.203
505,Ursa,Lundbech,ulundbeche0@mail.ru,Female,27.157.152.136
506,Alaster,McIlreavy,amcilreavye1@macromedia.com,Female,138.228.200.53
507,Renado,MacIver,rmacivere2@mlb.com,Genderqueer,189.195.67.133
508,Tobey,Humphris,thumphrise3@jugem.jp,Female,84.113.157.143
509,Tobye,Studdal,tstuddale4@nih.gov,Female,100.95.207.11
510,Tades,Galton,tgaltone5@plala.or.jp,Female,84.252.43.182
511,Rhett,Bothwell,rbothwelle6@latimes.com,Male,32.151.149.208
512,Averil,Canelas,acanelase7@java.com,Male,176.216.123.230
513,Kimberlyn,Sieghart,ksiegharte8@facebook.com,Male,53.68.94.34
514,Jozef,Collard,jcollarde9@bloglovin.com,Female,184.112.5.17
515,Donnamarie,Gilbard,dgilbardea@ibm.com,Female,220.82.156.105
516,Fons,Mielnik,fmielnikeb@ucoz.ru,Male,112.239.70.61
517,Eldridge,Figure,efigureec@netlog.com,Female,89.5.90.99
518,Julianna,Kingswell,jkingswelled@apple.com,Female,144.186.101.42
519,Kingsley,Harry,kharryee@npr.org,Female,103.156.105.175
520,Latrena,Filippone,lfilipponeef@symantec.com,Female,69.237.82.55
521,Steven,Pinnigar,spinnigareg@whitehouse.gov,Agender,245.147.163.236
522,Mahmud,Tesche,mtescheeh@whitehouse.gov,Female,181.88.208.109
523,Darlleen,Gawler,dgawlerei@studiopress.com,Female,139.36.137.255
524,Andeee,Yashunin,ayashuninej@ebay.com,Female,202.9.135.198
525,Cheston,Dimblebee,cdimblebeeek@ustream.tv,Female,120.75.177.226
526,Kevon,Curado,kcuradoel@ebay.com,Genderqueer,151.190.46.100
527,Alanna,Snell,asnellem@state.gov,Female,89.159.65.59
528,Lazar,Messer,lmesseren@photobucket.com,Female,138.168.76.44
529,Land,Yesinov,lyesinoveo@microsoft.com,Male,126.249.136.22
530,Rourke,Alesi,ralesiep@weibo.com,Female,68.155.37.99
531,Orv,Outridge,ooutridgeeq@studiopress.com,Male,4.241.134.223
532,Jennifer,Pymer,jpymerer@eventbrite.com,Male,209.135.33.94
533,Madalena,Bastistini,mbastistinies@paypal.com,Male,182.192.98.80
534,Filip,Capsey,fcapseyet@goo.gl,Male,246.86.27.9
535,Rockwell,Burdikin,rburdikineu@cnet.com,Male,203.234.201.174
536,Clarey,Norsister,cnorsisterev@stanford.edu,Male,150.79.81.104
537,Stillman,Crofthwaite,scrofthwaiteew@lulu.com,Female,7.156.131.62
538,Turner,Salter,tsalterex@google.de,Female,0.65.199.222
539,Raynard,Mantz,rmantzey@tinyurl.com,Male,24.156.176.67
540,Rennie,Fryman,rfrymanez@imgur.com,Female,12.27.122.246
541,Kasper,Houndson,khoundsonf0@t-online.de,Male,181.154.88.196
542,Tessy,Thynne,tthynnef1@bbb.org,Male,5.126.145.88
543,Ronny,Blaksley,rblaksleyf2@sina.com.cn,Male,125.239.239.69
544,Dawn,Lambe,dlambef3@networkadvertising.org,Genderqueer,24.85.252.193
545,Asher,Marney,amarneyf4@baidu.com,Female,227.46.159.14
546,Grier,Bickmore,gbickmoref5@abc.net.au,Male,196.96.154.92
547,Esme,Beloe,ebeloef6@naver.com,Female,42.184.94.15
548,Gayla,Petracchi,gpetracchif7@bing.com,Male,253.107.106.44
549,Brittne,Marxsen,bmarxsenf8@dedecms.com,Bigender,237.9.149.72
550,Mechelle,Sargeaunt,msargeauntf9@rambler.ru,Female,28.82.21.216
551,Hugues,Jacmar,hjacmarfa@indiegogo.com,Genderqueer,97.3.135.110
552,Cliff,Harrowsmith,charrowsmithfb@freewebs.com,Female,196.128.252.126
553,Pooh,Portch,pportchfc@ed.gov,Male,81.138.137.84
554,Christophe,Ondrich,condrichfd@imgur.com,Male,72.99.74.60
555,Moe,Duncan,mduncanfe@lycos.com,Bigender,43.5.147.88
556,Hazel,Muncie,hmuncieff@yahoo.com,Male,162.187.112.237
557,Stevena,Gomery,sgomeryfg@soundcloud.com,Male,13.6.122.241
558,Ardelis,Trood,atroodfh@apache.org,Male,203.126.249.10
559,Daryn,Normadell,dnormadellfi@qq.com,Male,124.152.196.8
560,Virgil,Bruckent,vbruckentfj@biglobe.ne.jp,Genderfluid,61.106.37.28
561,Michaelina,Wanstall,mwanstallfk@geocities.com,Female,243.236.192.17
562,Clarissa,Dana,cdanafl@friendfeed.com,Male,100.202.231.128
563,Ileana,Comelini,icomelinifm@diigo.com,Female,15.70.44.229
564,Myrvyn,Pauly,mpaulyfn@wsj.com,Female,36.220.49.65
565,Cassandra,Jouning,cjouningfo@wordpress.com,Male,74.206.112.223
566,Zea,Morey,zmoreyfp@i2i.jp,Female,178.96.6.173
567,Fianna,Cotsford,fcotsfordfq@shinystat.com,Agender,161.181.162.65
568,Whitney,Berkowitz,wberkowitzfr@bravesites.com,Female,82.87.45.176
569,Talia,Jefford,tjeffordfs@wix.com,Male,6.169.110.163
570,Carlyle,Castenda,ccastendaft@macromedia.com,Male,81.182.251.241
571,Kristoffer,Trenholme,ktrenholmefu@php.net,Male,32.219.131.87
572,Sonni,Reynard,sreynardfv@hud.gov,Female,219.36.226.120
573,Ginni,Leroux,glerouxfw@gizmodo.com,Male,172.70.216.129
574,Mufinella,Dall,mdallfx@ask.com,Polygender,91.69.236.102
575,Lovell,Gissop,lgissopfy@blogs.com,Genderqueer,69.123.153.15
576,Nissie,Nurny,nnurnyfz@wufoo.com,Female,146.75.49.60
577,Haleigh,Hallett,hhallettg0@hp.com,Male,235.20.46.224
578,Edna,Botly,ebotlyg1@ihg.com,Female,84.78.215.243
579,Ida,Proback,iprobackg2@netlog.com,Male,243.13.243.223
580,Joane,Grizard,jgrizardg3@wikimedia.org,Male,43.178.23.35
581,Nancie,Cooper,ncooperg4@sbwire.com,Female,5.39.179.46
582,Miller,Medhurst,mmedhurstg5@mozilla.org,Female,119.127.207.218
583,Karleen,Normant,knormantg6@un.org,Male,132.83.104.204
584,Bennett,Southorn,bsouthorng7@google.cn,Female,46.60.187.104
585,Lizabeth,Jeynes,ljeynesg8@amazon.co.jp,Female,247.170.119.68
586,Anton,Demeza,ademezag9@naver.com,Non-binary,27.85.142.188
587,Elset,Bezzant,ebezzantga@com.com,Genderfluid,29.229.44.148
588,Hortensia,MacCarlich,hmaccarlichgb@time.com,Female,90.96.242.142
589,Farris,Mart,fmartgc@economist.com,Male,122.140.72.169
590,Joanna,Teresia,jteresiagd@1und1.de,Female,39.178.44.114
591,Enriqueta,Pinkett,epinkettge@printfriendly.com,Female,161.83.226.45
592,Wini,Boshier,wboshiergf@weibo.com,Male,147.158.203.126
593,Grace,Siviter,gsivitergg@apache.org,Female,25.15.42.187
594,Price,Flasby,pflasbygh@toplist.cz,Female,4.140.85.212
595,Chas,Dryburgh,cdryburghgi@zdnet.com,Male,76.137.18.253
596,Donelle,Wendover,dwendovergj@cnbc.com,Female,56.202.154.80
597,Peggie,Frantzen,pfrantzengk@weather.com,Male,106.42.170.1
598,Junina,Habershon,jhabershongl@globo.com,Female,162.176.251.89
599,Eberhard,Ferrettino,eferrettinogm@unesco.org,Female,155.87.69.181
600,Stan,Toplin,stoplingn@addtoany.com,Male,187.38.214.176
601,Theresita,Pree,tpreego@usa.gov,Female,31.21.86.2
602,Son,Koop,skoopgp@homestead.com,Female,99.157.31.98
603,Briggs,Ellsbury,bellsburygq@washington.edu,Female,90.158.176.169
604,Mattheus,Sherrell,msherrellgr@yahoo.com,Male,126.51.137.184
605,Gilberte,Dobell,gdobellgs@goo.ne.jp,Male,223.81.242.240
606,Erhard,Diggins,edigginsgt@artisteer.com,Female,86.0.255.254
607,Antonella,Handover,ahandovergu@baidu.com,Male,31.253.252.190
608,Camilla,Segebrecht,csegebrechtgv@disqus.com,Male,149.64.253.228
609,Chryste,Elstub,celstubgw@example.com,Male,109.134.222.180
610,Diego,Mountford,dmountfordgx@dagondesign.com,Female,170.160.162.114
611,Shannon,Fleischmann,sfleischmanngy@odnoklassniki.ru,Male,197.130.130.94
612,Merrel,Hansed,mhansedgz@ox.ac.uk,Female,241.176.193.230
613,Jackelyn,Garrigan,jgarriganh0@php.net,Female,7.198.129.243
614,Cherice,Goodbur,cgoodburh1@multiply.com,Genderqueer,189.125.69.87
615,Dahlia,Hlavecek,dhlavecekh2@yolasite.com,Male,139.223.96.33
616,Rocky,Vowell,rvowellh3@hatena.ne.jp,Male,161.141.127.140
617,Harwell,Wegman,hwegmanh4@unblog.fr,Male,97.249.89.230
618,Jonas,Hanwell,jhanwellh5@jimdo.com,Male,229.215.248.84
619,Cornell,Varvara,cvarvarah6@sun.com,Female,159.112.41.232
620,Dinny,Baugham,dbaughamh7@cam.ac.uk,Male,153.220.77.68
621,Cinderella,Fudge,cfudgeh8@reuters.com,Male,160.110.123.238
622,Bobbee,Ackery,backeryh9@blog.com,Male,38.164.86.208
623,Harriet,Caldwall,hcaldwallha@goodreads.com,Genderqueer,225.248.213.155
624,Raymund,Higginbottam,rhigginbottamhb@gov.uk,Female,146.42.172.225
625,Umberto,Malenoir,umalenoirhc@ocn.ne.jp,Male,194.52.122.103
626,Raphaela,McAsgill,rmcasgillhd@reverbnation.com,Female,74.203.136.47
627,Fanya,Thamelt,fthamelthe@printfriendly.com,Male,156.59.238.172
628,Tamra,Sweeny,tsweenyhf@noaa.gov,Male,153.153.56.190
629,Siffre,Luker,slukerhg@macromedia.com,Polygender,165.104.23.88
630,Ingmar,Robertucci,irobertuccihh@soundcloud.com,Female,27.203.60.132
631,Emyle,Dewerson,edewersonhi@amazon.co.uk,Male,187.69.164.180
632,Abie,Edmed,aedmedhj@china.com.cn,Male,66.216.34.135
633,Gayler,Isley,gisleyhk@narod.ru,Female,180.129.27.62
634,Ester,Fleeming,efleeminghl@cocolog-nifty.com,Male,51.211.160.161
635,Inger,Corrado,icorradohm@com.com,Male,219.123.226.129
636,Cristian,Harnes,charneshn@archive.org,Female,69.161.246.148
637,Kali,Churches,kchurchesho@prlog.org,Male,170.162.206.66
638,Mimi,Rubery,mruberyhp@angelfire.com,Female,24.237.93.117
639,Rodolfo,Kondratowicz,rkondratowiczhq@pagesperso-orange.fr,Male,26.84.75.41
640,Berri,Aitchison,baitchisonhr@abc.net.au,Genderqueer,200.212.52.6
641,Thomasina,Broune,tbrounehs@webnode.com,Female,215.89.146.67
642,Gav,Sergison,gsergisonht@cdc.gov,Female,233.2.83.176
643,August,Challiss,achallisshu@skyrock.com,Male,85.67.68.65
644,Ozzy,Christophe,ochristophehv@bizjournals.com,Male,99.60.178.28
645,Pietrek,Simcox,psimcoxhw@economist.com,Male,218.70.62.106
646,Vannie,Scorah,vscorahhx@google.nl,Male,199.125.231.226
647,Sharline,Caunter,scaunterhy@bloomberg.com,Genderfluid,77.132.18.29
648,Genevra,Pruce,gprucehz@google.com,Female,42.188.175.170
649,Lamond,Sweeten,lsweeteni0@diigo.com,Polygender,105.192.115.18
650,Zachery,Fawkes,zfawkesi1@youtube.com,Male,135.1.3.225
651,Patrizia,Scrivener,pscriveneri2@nasa.gov,Male,213.70.246.58
652,Donnajean,Matskevich,dmatskevichi3@feedburner.com,Female,131.238.3.190
653,Stafford,Keers,skeersi4@youtu.be,Male,81.29.73.150
654,Gerald,Diche,gdichei5@auda.org.au,Male,252.59.91.210
655,Galvan,Bittlestone,gbittlestonei6@hp.com,Female,26.163.46.136
656,Damien,Parry,dparryi7@ycombinator.com,Male,108.90.255.56
657,Alyson,MacEveley,amaceveleyi8@hibu.com,Female,93.216.165.102
658,Ransom,Hollingshead,rhollingsheadi9@t.co,Female,6.30.72.19
659,Donetta,Brunone,dbrunoneia@people.com.cn,Male,178.87.200.17
660,Ellary,Lyptrade,elyptradeib@canalblog.com,Male,149.175.43.42
661,Dody,Norcutt,dnorcuttic@sun.com,Female,226.148.164.134
662,Leena,Vispo,lvispoid@buzzfeed.com,Female,184.177.111.233
663,Carmel,Mulvany,cmulvanyie@redcross.org,Female,105.54.4.106
664,Christina,Minucci,cminucciif@clickbank.net,Female,138.48.191.6
665,Brinn,Drewett,bdrewettig@ucoz.ru,Male,80.179.198.63
666,Laird,Gronaller,lgronallerih@sogou.com,Female,209.143.65.212
667,Kristo,MacEnelly,kmacenellyii@yale.edu,Male,193.34.199.10
668,Nicki,Trenchard,ntrenchardij@pcworld.com,Male,14.92.19.103
669,Allsun,Gipp,agippik@theglobeandmail.com,Polygender,66.227.255.238
670,Carilyn,Andrusov,candrusovil@squarespace.com,Polygender,51.191.178.143
671,Gwendolyn,St. John,gstjohnim@fotki.com,Male,10.225.23.114
672,Rebekah,Gothliff,rgothliffin@timesonline.co.uk,Male,24.245.140.196
673,Gale,Held,gheldio@opensource.org,Female,191.175.148.50
674,Adamo,Avramovich,aavramovichip@cisco.com,Female,251.50.147.164
675,Harrison,Dewire,hdewireiq@linkedin.com,Male,134.71.237.93
676,Corabel,Dye,cdyeir@noaa.gov,Male,254.118.146.255
677,Steward,Shippey,sshippeyis@de.vu,Female,119.252.232.168
678,Tamiko,Sieb,tsiebit@nydailynews.com,Female,32.8.187.3
679,Nicoline,Allan,nallaniu@npr.org,Genderqueer,250.64.104.2
680,Dinnie,Boddice,dboddiceiv@myspace.com,Polygender,81.245.192.146
681,Leroi,Bowie,lbowieiw@home.pl,Male,180.51.125.53
682,Janos,Hesey,jheseyix@lulu.com,Male,62.18.12.35
683,Arnie,Blaber,ablaberiy@123-reg.co.uk,Male,52.20.19.150
684,Juline,Thynne,jthynneiz@barnesandnoble.com,Male,65.4.94.250
685,Nancy,O'Hoolahan,nohoolahanj0@flavors.me,Male,7.178.191.48
686,Catha,Gabits,cgabitsj1@typepad.com,Male,100.54.59.70
687,Curry,Farington,cfaringtonj2@umn.edu,Female,62.213.143.30
688,Gerome,Salt,gsaltj3@pen.io,Male,245.75.38.23
689,Fae,Lago,flagoj4@acquirethisname.com,Male,25.172.121.146
690,Valenka,Friatt,vfriattj5@google.nl,Male,136.157.211.171
691,Pierson,Goodsir,pgoodsirj6@google.de,Male,77.198.45.25
692,Drusie,Aizikovitz,daizikovitzj7@soundcloud.com,Female,83.255.199.14
693,Rodd,Circuit,rcircuitj8@mac.com,Female,36.203.84.123
694,Dill,Weatherall,dweatherallj9@skyrock.com,Female,238.96.0.137
695,Lenore,Gilardone,lgilardoneja@tiny.cc,Male,11.62.37.105
696,Wakefield,Harrisson,wharrissonjb@elegantthemes.com,Male,243.3.111.249
697,Cristen,Borsay,cborsayjc@ft.com,Male,102.125.179.29
698,Blondelle,Mimmack,bmimmackjd@etsy.com,Male,65.76.236.76
699,Shayne,Mincini,smincinije@nature.com,Male,129.205.157.231
700,Carlin,Gever,cgeverjf@t.co,Female,210.8.5.97
701,Jamill,Rochford,jrochfordjg@phoca.cz,Female,119.100.229.83
702,Max,Webb-Bowen,mwebbbowenjh@gizmodo.com,Male,224.119.231.43
703,Morly,Meenan,mmeenanji@topsy.com,Female,154.230.72.88
704,Elle,Cobbe,ecobbejj@umich.edu,Female,21.227.30.225
705,Dita,Parlett,dparlettjk@cloudflare.com,Male,149.70.230.199
706,Hernando,Bakewell,hbakewelljl@mapquest.com,Female,151.230.0.96
707,Alana,Bennike,abennikejm@aol.com,Male,241.208.188.13
708,Dunn,Cattellion,dcattellionjn@cargocollective.com,Female,173.8.167.33
709,Linn,Smithin,lsmithinjo@google.com.br,Female,0.1.216.202
710,Elsey,Ledeker,eledekerjp@cbslocal.com,Male,35.74.225.233
711,Ambrosio,Creber,acreberjq@storify.com,Male,180.71.90.131
712,Ashby,Shah,ashahjr@chronoengine.com,Male,67.9.82.173
713,Patricio,Yeo,pyeojs@hostgator.com,Agender,112.98.70.140
714,Gearalt,Dudding,gduddingjt@opensource.org,Male,10.96.113.14
715,Kit,Ruler,krulerju@sina.com.cn,Male,185.206.165.133
716,Melisande,Persence,mpersencejv@cam.ac.uk,Male,135.92.205.207
717,Freddi,Lettley,flettleyjw@java.com,Male,66.187.96.214
718,Kahaleel,Di Gregorio,kdigregoriojx@unicef.org,Male,7.160.57.206
719,Simeon,Worsnop,sworsnopjy@wufoo.com,Agender,175.227.211.227
720,Joella,Samarth,jsamarthjz@weibo.com,Male,82.120.25.10
721,Alvera,Doctor,adoctork0@rambler.ru,Female,249.176.82.151
722,Miranda,Shorie,mshoriek1@canalblog.com,Male,155.125.163.130
723,Eydie,Ashborn,eashbornk2@foxnews.com,Male,81.145.74.22
724,Humphrey,Maghull,hmaghullk3@themeforest.net,Female,103.158.25.247
725,Nissa,Frisch,nfrischk4@blogger.com,Female,75.32.241.88
726,Town,Avrasin,tavrasink5@plala.or.jp,Male,97.55.3.230
727,Juan,Joerning,jjoerningk6@nps.gov,Male,55.125.165.86
728,Kevin,Schiefersten,kschieferstenk7@webmd.com,Female,32.186.131.132
729,Brendis,Rheam,brheamk8@theguardian.com,Female,228.53.54.70
730,Wilhelm,Peacey,wpeaceyk9@miibeian.gov.cn,Male,17.127.97.132
731,Lezley,Fassman,lfassmanka@netscape.com,Female,17.209.64.44
732,Bastian,Wesker,bweskerkb@indiatimes.com,Genderfluid,237.225.57.128
733,Laurette,Jouandet,ljouandetkc@w3.org,Male,7.43.135.204
734,Lorna,Offell,loffellkd@guardian.co.uk,Male,33.210.172.224
735,Hirsch,Darte,hdarteke@youtu.be,Male,182.165.192.152
736,Sebastien,Le Surf,slesurfkf@ft.com,Female,92.4.119.107
737,Hermione,Clarricoates,hclarricoateskg@mac.com,Female,165.30.59.51
738,Jackelyn,Wickens,jwickenskh@soup.io,Female,176.138.105.126
739,Tann,Booley,tbooleyki@people.com.cn,Female,53.231.228.44
740,Jaymie,Peerman,jpeermankj@wikipedia.org,Male,167.14.235.181
741,Tonya,Cabrales,tcabraleskk@patch.com,Female,245.89.121.104
742,Francoise,Genn,fgennkl@google.es,Female,133.211.117.76
743,Tripp,Adelberg,tadelbergkm@mtv.com,Male,191.252.37.240
744,Ciro,Hallifax,challifaxkn@microsoft.com,Female,119.202.164.201
745,Edwin,Childs,echildsko@sohu.com,Male,154.144.203.6
746,Eustacia,Camocke,ecamockekp@usnews.com,Female,132.192.14.205
747,Benoit,Jevons,bjevonskq@weebly.com,Bigender,37.222.244.104
748,Oralle,Barde,obardekr@disqus.com,Male,182.151.25.81
749,Sharleen,Parade,sparadeks@cyberchimps.com,Male,27.127.102.204
750,Lilith,McArtan,lmcartankt@amazonaws.com,Female,165.225.125.114
751,Larine,Haslock,lhaslockku@sciencedaily.com,Female,191.136.89.58
752,Sigismondo,Boate,sboatekv@marketwatch.com,Polygender,59.237.76.11
753,Reece,Bodleigh,rbodleighkw@oaic.gov.au,Female,237.59.90.204
754,Joey,Brixham,jbrixhamkx@hubpages.com,Female,43.82.72.79
755,Wandis,Kempshall,wkempshallky@nydailynews.com,Agender,63.215.253.25
756,Shanan,Thunderchief,sthunderchiefkz@google.co.jp,Male,179.235.172.94
757,Bartel,Robinet,brobinetl0@sina.com.cn,Male,159.210.78.57
758,Teresa,Grigoli,tgrigolil1@4shared.com,Female,250.184.208.84
759,Karen,Bwye,kbwyel2@accuweather.com,Male,88.243.123.48
760,Norri,Kerr,nkerrl3@freewebs.com,Male,75.244.57.149
761,Cris,Grimley,cgrimleyl4@blogs.com,Female,10.64.228.42
762,Marieann,McCrea,mmccreal5@earthlink.net,Bigender,106.206.243.209
763,Waldemar,St Leger,wstlegerl6@buzzfeed.com,Male,49.141.45.236
764,Royall,Fifoot,rfifootl7@ucla.edu,Male,56.97.95.26
765,Marlane,Croydon,mcroydonl8@mediafire.com,Male,69.125.92.196
766,Dino,Brereton,dbreretonl9@webs.com,Female,151.204.84.210
767,Perla,Khalid,pkhalidla@unc.edu,Male,228.143.191.214
768,Aleece,Porch,aporchlb@umich.edu,Male,196.37.43.197
769,Dawn,Jozef,djozeflc@ovh.net,Female,209.202.5.3
770,Nettie,Benninger,nbenningerld@desdev.cn,Male,134.209.34.235
771,Lindy,Durant,ldurantle@sciencedirect.com,Male,5.18.122.237
772,Filbert,Byard,fbyardlf@twitpic.com,Non-binary,61.124.114.208
773,Matt,Ettery,metterylg@squarespace.com,Male,6.242.176.159
774,Jeanne,Arpe,jarpelh@hao123.com,Male,130.245.30.211
775,Kristo,Musson,kmussonli@nytimes.com,Female,130.223.130.192
776,Drud,Hardcastle,dhardcastlelj@webmd.com,Male,42.28.196.24
777,Babita,Ropars,broparslk@goodreads.com,Agender,240.205.98.63
778,Cordy,Scraney,cscraneyll@ehow.com,Male,38.166.254.130
779,Gardie,Sickert,gsickertlm@elpais.com,Male,255.134.226.103
780,Mathilde,Sidney,msidneyln@linkedin.com,Genderfluid,44.178.60.244
781,Kameko,Bewshaw,kbewshawlo@bbb.org,Female,254.228.242.49
782,Tonia,Gainsborough,tgainsboroughlp@businesswire.com,Male,132.34.158.203
783,Cyrill,Haycraft,chaycraftlq@reference.com,Male,61.45.5.161
784,Kenna,Bratch,kbratchlr@ucoz.com,Male,80.52.216.91
785,Cathryn,Merwe,cmerwels@epa.gov,Female,180.26.66.156
786,Cami,Spillman,cspillmanlt@about.com,Male,142.210.217.144
787,Rori,Parradye,rparradyelu@uiuc.edu,Male,176.111.191.25
788,Ginger,Dewitt,gdewittlv@nsw.gov.au,Female,132.139.146.115
789,Wallis,Blei,wbleilw@scribd.com,Female,246.31.41.79
790,Olenolin,Tonbridge,otonbridgelx@altervista.org,Male,158.234.187.202
791,Drucill,Stainland,dstainlandly@networksolutions.com,Male,148.123.34.86
792,Ezechiel,Hathaway,ehathawaylz@vimeo.com,Genderfluid,52.105.75.61
793,Emmanuel,Stonham,estonhamm0@posterous.com,Female,13.52.179.193
794,Goldarina,Jouaneton,gjouanetonm1@oracle.com,Male,49.73.32.103
795,Waylen,Yaxley,wyaxleym2@acquirethisname.com,Male,185.54.117.133
796,Channa,Marquand,cmarquandm3@e-recht24.de,Female,143.199.85.94
797,Parrnell,Byrom,pbyromm4@oracle.com,Male,189.29.234.154
798,Benedetta,Gath,bgathm5@cbslocal.com,Non-binary,26.218.143.53
799,Krystal,Rizzi,krizzim6@ihg.com,Male,184.201.213.5
800,Stu,Amiable,samiablem7@ftc.gov,Male,178.247.143.24
801,Garey,Cundey,gcundeym8@dagondesign.com,Female,242.54.129.58
802,Rosa,Matignon,rmatignonm9@hugedomains.com,Male,3.177.249.90
803,Viv,Poter,vpoterma@accuweather.com,Male,190.101.123.202
804,Hyacinthia,McKeating,hmckeatingmb@ox.ac.uk,Male,54.84.146.185
805,Janela,Portt,jporttmc@newsvine.com,Male,200.69.228.217
806,Scarlett,Muirhead,smuirheadmd@ocn.ne.jp,Female,107.248.23.162
807,Nye,Janczyk,njanczykme@mtv.com,Male,221.115.9.213
808,Sherwin,Beamish,sbeamishmf@delicious.com,Female,155.186.247.147
809,Dennison,Flye,dflyemg@last.fm,Male,15.33.237.169
810,Barby,Tidbold,btidboldmh@blinklist.com,Female,182.164.190.167
811,Erie,Muller,emullermi@goodreads.com,Female,122.67.41.209
812,Lucina,Zink,lzinkmj@dell.com,Female,225.228.89.160
813,Kasper,Ealam,kealammk@forbes.com,Female,44.109.135.51
814,Gayel,Colls,gcollsml@liveinternet.ru,Female,51.49.142.252
815,Patience,Parcell,pparcellmm@cbc.ca,Male,26.227.78.163
816,Danella,Antrim,dantrimmn@drupal.org,Male,204.5.250.95
817,Zeke,Fassan,zfassanmo@discovery.com,Female,251.52.176.238
818,Olympie,Bremmer,obremmermp@histats.com,Male,106.198.252.130
819,Orton,Fairfoul,ofairfoulmq@marketwatch.com,Female,35.109.99.142
820,Venus,Pleasants,vpleasantsmr@usgs.gov,Male,18.215.215.129
821,Hugues,Ducker,hduckerms@mail.ru,Female,251.95.92.123
822,Amber,Reynoldson,areynoldsonmt@hao123.com,Female,247.50.92.131
823,Virgilio,McGairl,vmcgairlmu@storify.com,Bigender,9.69.38.89
824,L;urette,Speirs,lspeirsmv@bloomberg.com,Female,28.217.80.133
825,Oralla,Fylan,ofylanmw@yelp.com,Male,253.79.120.80
826,Tobit,Andreev,tandreevmx@unc.edu,Female,74.97.214.22
827,Cora,Pimlock,cpimlockmy@dyndns.org,Male,34.128.17.113
828,Odie,Dowgill,odowgillmz@nps.gov,Female,208.243.51.124
829,Charmain,Cogdell,ccogdelln0@t.co,Female,254.0.129.32
830,Ronda,Glasard,rglasardn1@telegraph.co.uk,Female,178.12.244.52
831,Dyane,Wilse,dwilsen2@dion.ne.jp,Male,10.249.87.5
832,Clarine,Dandy,cdandyn3@prnewswire.com,Female,39.132.52.52
833,Mathilda,Mulrooney,mmulrooneyn4@timesonline.co.uk,Female,153.119.107.174
834,Bunny,Mazey,bmazeyn5@macromedia.com,Female,103.8.141.200
835,Cosimo,Broseke,cbroseken6@skyrock.com,Female,151.105.179.233
836,Kamila,Friberg,kfribergn7@ibm.com,Male,246.29.24.6
837,Meghan,Midford,mmidfordn8@ameblo.jp,Female,154.83.102.238
838,Constance,Bonsall,cbonsalln9@furl.net,Male,35.223.137.156
839,Diego,Skupinski,dskupinskina@usda.gov,Female,236.133.218.72
840,Katrine,Fuster,kfusternb@scientificamerican.com,Female,198.93.204.59
841,Phillis,Kinahan,pkinahannc@samsung.com,Agender,182.228.92.9
842,Theodora,Batman,tbatmannd@google.es,Female,179.4.248.66
843,Chere,Gelsthorpe,cgelsthorpene@npr.org,Female,109.75.197.246
844,Ev,Devonshire,edevonshirenf@tripod.com,Male,229.59.240.7
845,Richard,Kelsow,rkelsowng@networksolutions.com,Male,245.245.211.173
846,Carolynn,Redemile,credemilenh@tuttocitta.it,Non-binary,56.57.234.36
847,Regine,Fibbings,rfibbingsni@1688.com,Male,0.119.74.47
848,Saundra,Dee,sdeenj@sun.com,Male,182.159.200.61
849,Hashim,Seckom,hseckomnk@mashable.com,Female,231.104.180.239
850,Colene,Aysh,cayshnl@wix.com,Female,174.64.131.133
