id_cliente,nombre,apellido,correo
1,Maddi,Sweett,msweett0@mashable.com
2,Fairleigh,Allwell,fallwell1@wisc.edu
3,Alphonso,Brindley,abrindley2@163.com
4,Sal,Sincock,ssincock3@eventbrite.com
5,Odie,Willson,owillson4@google.co.uk
6,Krista,Tiron,ktiron5@oakley.com
7,Ettore,Tunnadine,etunnadine6@usa.gov
8,Drusi,Tallet,dtallet7@altervista.org
9,Cullen,Dighton,cdighton8@hibu.com
10,Dalila,Hadigate,dhadigate9@rakuten.co.jp
11,Minni,Pipkin,mpipkina@nationalgeographic.com
12,Diana,Hustler,dhustlerb@bravesites.com
13,Lula,Jagels,ljagelsc@state.gov
14,Muffin,Strettell,mstrettelld@wunderground.com
15,Madelin,Reinhart,mreinharte@ehow.com
16,Heda,Gawn,hgawnf@sbwire.com
17,Tiffany,Deverille,tdeverilleg@arstechnica.com
18,Carr,Arter,carterh@hostgator.com
19,Catharina,Pashan,cpashani@pbs.org
20,Augie,Crady,acradyj@networkadvertising.org
21,Regen,Huguenet,rhuguenetk@woothemes.com
22,Ryon,Bunclark,rbunclarkl@apache.org
23,Rodrigo,Harby,rharbym@cloudflare.com
24,Jobyna,Gallelli,jgallellin@oaic.gov.au
25,Gabriell,Panswick,gpanswicko@histats.com
26,Evaleen,Fruchter,efruchterp@people.com.cn
27,Trevar,Clineck,tclineckq@ihg.com
28,Gabi,Hellyer,ghellyerr@miibeian.gov.cn
29,Wheeler,Castiglioni,wcastiglionis@usda.gov
30,Catharina,Lowrie,clowriet@hubpages.com
31,Shurlock,Sprey,sspreyu@digg.com
32,Jenny,Romaine,jromainev@gov.uk
33,Delaney,Tayspell,dtayspellw@prweb.com
34,Dalila,Di Bartolomeo,ddibartolomeox@ft.com
35,Charlton,Langhorn,clanghorny@dmoz.org
36,Gay,Pimme,gpimmez@odnoklassniki.ru
37,Thibaud,Gianolini,tgianolini10@last.fm
38,Fredra,Bimrose,fbimrose11@skype.com
39,Lory,Constantine,lconstantine12@umn.edu
40,Rex,Ksandra,rksandra13@blogger.com
41,Winny,Skelly,wskelly14@cnbc.com
42,Waldemar,Tiebe,wtiebe15@artisteer.com
43,Lorrie,Castellini,lcastellini16@usgs.gov
44,Darla,Sisse,dsisse17@msu.edu
45,Zak,Pretsell,zpretsell18@tiny.cc
46,Aymer,Atack,aatack19@goo.gl
47,Hailey,Goodwins,hgoodwins1a@wikispaces.com
48,Annie,Jeandin,ajeandin1b@altervista.org
49,Niki,Stredder,nstredder1c@shinystat.com
50,Aube,Harle,aharle1d@hao123.com
51,Brita,Ludovici,bludovici1e@japanpost.jp
52,Juliet,Weyland,jweyland1f@msn.com
53,Rad,Perryn,rperryn1g@nps.gov
54,Mellicent,Masterman,mmasterman1h@slate.com
55,Colly,Marlen,cmarlen1i@reuters.com
56,Ebeneser,Tomasi,etomasi1j@flavors.me
57,Ranee,Strute,rstrute1k@washington.edu
58,Peri,Lampkin,plampkin1l@diigo.com
59,Rosamond,McVittie,rmcvittie1m@chronoengine.com
60,Kati,Altree,kaltree1n@desdev.cn
61,Amos,Castanho,acastanho1o@nydailynews.com
62,Gisella,Krolman,gkrolman1p@salon.com
63,Emalia,Cobley,ecobley1q@over-blog.com
64,Bessie,Purkiss,bpurkiss1r@altervista.org
65,Franciska,Avrahamof,favrahamof1s@4shared.com
66,Alistair,Dulling,adulling1t@imdb.com
67,Amber,Booker,abooker1u@digg.com
68,Lilian,Arnell,larnell1v@domainmarket.com
69,Guendolen,Middlehurst,gmiddlehurst1w@indiegogo.com
70,Timmie,Brideau,tbrideau1x@ucoz.ru
71,Rodolphe,Sam,rsam1y@facebook.com
72,Sanson,Cuningham,scuningham1z@rambler.ru
73,Shanie,Vautin,svautin20@usnews.com
74,Susie,Correa,scorrea21@upenn.edu
75,Dylan,Brosoli,dbrosoli22@nps.gov
76,Katie,Follit,kfollit23@hc360.com
77,Tripp,Abadam,tabadam24@uol.com.br
78,Bonnee,Duesberry,bduesberry25@cpanel.net
79,Elias,Haseley,ehaseley26@java.com
80,Karlen,McGurn,kmcgurn27@technorati.com
81,Ernesta,Bridgman,ebridgman28@miibeian.gov.cn
82,Woody,Gidney,wgidney29@hao123.com
83,Elladine,Turrill,eturrill2a@sphinn.com
84,Debra,Tinniswood,dtinniswood2b@wunderground.com
85,Rose,Kitchingman,rkitchingman2c@google.nl
86,Butch,Brodhead,bbrodhead2d@cnn.com
87,Dacie,Simon,dsimon2e@angelfire.com
88,Christoper,Eassom,ceassom2f@51.la
89,Ulrike,Gowar,ugowar2g@theguardian.com
90,Osborne,Kissack,okissack2h@barnesandnoble.com
91,Cornela,Sydney,csydney2i@devhub.com
92,Darwin,Daniaud,ddaniaud2j@purevolume.com
93,Libbi,Aaron,laaron2k@baidu.com
94,Genevra,Peaple,gpeaple2l@google.nl
95,Arel,Gemson,agemson2m@blogger.com
96,Mariann,Purdy,mpurdy2n@cdbaby.com
97,Sonnie,Danielkiewicz,sdanielkiewicz2o@army.mil
98,Cord,Jirsa,cjirsa2p@chron.com
99,Izabel,Utteridge,iutteridge2q@weebly.com
100,Laverna,Olkowicz,lolkowicz2r@yahoo.com
101,Beau,Painswick,bpainswick2s@geocities.com
102,Pincus,Lyver,plyver2t@dropbox.com
103,Misty,Attersoll,mattersoll2u@sun.com
104,Eben,Wildor,ewildor2v@imdb.com
105,Cassandra,Pariso,cpariso2w@parallels.com
106,Dare,Scholer,dscholer2x@amazonaws.com
107,Lynnell,Wanley,lwanley2y@seesaa.net
108,Janie,Ballefant,jballefant2z@ning.com
109,Sarina,Caren,scaren30@huffingtonpost.com
110,Sheridan,Bartlam,sbartlam31@joomla.org
111,Haskel,Behrend,hbehrend32@wix.com
112,Doria,Fison,dfison33@usnews.com
113,Gardie,Rosetti,grosetti34@artisteer.com
114,Elias,Leakner,eleakner35@odnoklassniki.ru
115,Junia,Cordoba,jcordoba36@accuweather.com
116,Darrel,Shaudfurth,dshaudfurth37@ox.ac.uk
117,Marylinda,Kynastone,mkynastone38@hostgator.com
118,Annissa,Newson,anewson39@hao123.com
119,Sapphira,Canby,scanby3a@narod.ru
120,Matt,Mercy,mmercy3b@infoseek.co.jp
121,Cyrille,Boyles,cboyles3c@uol.com.br
122,Allys,Capel,acapel3d@nyu.edu
123,Alecia,Bayly,abayly3e@loc.gov
124,Consolata,Theriot,ctheriot3f@accuweather.com
125,Helge,Manon,hmanon3g@ca.gov
126,Erroll,Witchalls,ewitchalls3h@jiathis.com
127,Clarine,Swinney,cswinney3i@mayoclinic.com
128,Irwin,Lipsett,ilipsett3j@ucsd.edu
129,Cristin,Render,crender3k@moonfruit.com
130,Jacquelyn,Hirthe,jhirthe3l@free.fr
131,Rubin,Beininck,rbeininck3m@miitbeian.gov.cn
132,Otis,Fanton,ofanton3n@mysql.com
133,Laurent,Spadoni,lspadoni3o@bizjournals.com
134,Garth,Cornell,gcornell3p@forbes.com
135,Gwen,Budcock,gbudcock3q@purevolume.com
136,Armin,MacNucator,amacnucator3r@ed.gov
137,Rolando,Ball,rball3s@imdb.com
138,Jacinthe,Strathern,jstrathern3t@mashable.com
139,Blake,Speek,bspeek3u@washington.edu
140,Terza,Sketcher,tsketcher3v@sciencedirect.com
141,Adair,McWhin,amcwhin3w@51.la
142,Bekki,Warland,bwarland3x@adobe.com
143,Annalee,Richichi,arichichi3y@ow.ly
144,Laina,Lewis,llewis3z@prnewswire.com
145,Shandee,Foxten,sfoxten40@elegantthemes.com
146,Pammie,Bruneton,pbruneton41@tumblr.com
147,Mella,MacKeague,mmackeague42@paypal.com
148,Sebastien,Pasby,spasby43@tripadvisor.com
149,Kingsley,Kenworth,kkenworth44@cdbaby.com
150,Coraline,Callway,ccallway45@tripod.com
151,Chryste,Lie,clie46@sourceforge.net
152,Law,Bale,lbale47@soundcloud.com
153,Darcie,Umbers,dumbers48@parallels.com
154,Bail,Fucher,bfucher49@blogger.com
155,Ealasaid,Pechell,epechell4a@google.es
156,Andra,Kitchen,akitchen4b@mozilla.com
157,Xerxes,Mortell,xmortell4c@gnu.org
158,Glennis,Brislan,gbrislan4d@slashdot.org
159,Kahlil,Nelane,knelane4e@umn.edu
160,Ephraim,Huburn,ehuburn4f@canalblog.com
161,Joletta,Accum,jaccum4g@jimdo.com
162,Coleman,Ledley,cledley4h@over-blog.com
163,Susanne,Hoyle,shoyle4i@parallels.com
164,Hussein,Domney,hdomney4j@geocities.jp
165,Eudora,Canelas,ecanelas4k@google.es
166,Burke,Birrane,bbirrane4l@apple.com
167,Ettie,Kellogg,ekellogg4m@reference.com
168,Ricardo,Burdett,rburdett4n@berkeley.edu
169,Shirlene,Boscott,sboscott4o@cbslocal.com
170,Pall,Klemke,pklemke4p@washington.edu
171,Juana,Antonik,jantonik4q@rakuten.co.jp
172,Kariotta,Longfoot,klongfoot4r@digg.com
173,Thorndike,Daniele,tdaniele4s@hubpages.com
174,Agnesse,O'Drought,aodrought4t@nih.gov
175,Marco,Clowsley,mclowsley4u@sbwire.com
176,Bary,Albon,balbon4v@thetimes.co.uk
177,Alexia,Kornilyev,akornilyev4w@rakuten.co.jp
178,Ravi,Hardisty,rhardisty4x@instagram.com
179,Finlay,Delf,fdelf4y@usa.gov
180,Elias,Stiffell,estiffell4z@hhs.gov
181,Consolata,Juanes,cjuanes50@people.com.cn
182,Cherin,Greenhead,cgreenhead51@sogou.com
183,Clarine,Launchbury,claunchbury52@usgs.gov
184,Hyacinthia,Wane,hwane53@sun.com
185,Natassia,Bisacre,nbisacre54@icio.us
186,Genna,Woodruffe,gwoodruffe55@mozilla.org
187,Ericka,Blest,eblest56@netvibes.com
188,Aldridge,Cancellieri,acancellieri57@msu.edu
189,Opaline,Skellion,oskellion58@free.fr
190,Sheffie,McGruar,smcgruar59@dailymotion.com
191,Ferdy,Kasper,fkasper5a@nyu.edu
192,Olin,McCart,omccart5b@rediff.com
193,Deana,Peacher,dpeacher5c@wp.com
194,Marissa,Howell,mhowell5d@facebook.com
195,Ximenez,Wilder,xwilder5e@fotki.com
196,Sibby,Marl,smarl5f@ameblo.jp
197,Tobye,Flatt,tflatt5g@google.com.br
198,Daniela,Motion,dmotion5h@phoca.cz
199,Theadora,A'field,tafield5i@answers.com
200,Dionysus,Eyles,deyles5j@usgs.gov
201,Gifford,Secker,gsecker5k@engadget.com
202,Clovis,Cadell,ccadell5l@wikimedia.org
203,Katine,Hazelgrove,khazelgrove5m@lulu.com
204,Rhoda,D'Angeli,rdangeli5n@microsoft.com
205,Linnie,Clissell,lclissell5o@desdev.cn
206,Jordanna,Killick,jkillick5p@dailymotion.com
207,Annissa,Court,acourt5q@epa.gov
208,Goran,Westerman,gwesterman5r@boston.com
209,Kassey,Slade,kslade5s@furl.net
210,Wilden,Deverale,wdeverale5t@narod.ru
211,Zebadiah,Pensom,zpensom5u@jimdo.com
212,Hervey,O'Hara,hohara5v@naver.com
213,Loralee,Noriega,lnoriega5w@g.co
214,Kristel,Garshore,kgarshore5x@is.gd
215,Carolus,O' Loughran,coloughran5y@symantec.com
216,Corina,Farra,cfarra5z@bloglovin.com
217,Timoteo,Ludye,tludye60@reference.com
218,Frederigo,Woolley,fwoolley61@youku.com
219,Alyson,Dingsdale,adingsdale62@mashable.com
220,Morgun,Wardington,mwardington63@bluehost.com
221,Connor,Sollowaye,csollowaye64@noaa.gov
222,Farlie,Hovenden,fhovenden65@mozilla.com
223,Pansie,Rainforth,prainforth66@hc360.com
224,Athena,Culleford,aculleford67@slate.com
225,Susanna,Spuffard,sspuffard68@xinhuanet.com
226,Irving,Herrema,iherrema69@angelfire.com
227,Shayla,Draper,sdraper6a@slashdot.org
228,Steffen,Hatherleigh,shatherleigh6b@telegraph.co.uk
229,Orv,Swannie,oswannie6c@marriott.com
230,Erek,Gaul,egaul6d@webmd.com
231,Hieronymus,Youles,hyoules6e@usa.gov
232,Gregoor,Govenlock,ggovenlock6f@fotki.com
233,Rubie,Dyet,rdyet6g@privacy.gov.au
234,Brendan,Bertolin,bbertolin6h@theguardian.com
235,Selie,Gladhill,sgladhill6i@ebay.com
236,Barbi,Rasp,brasp6j@is.gd
237,Barn,Heighton,bheighton6k@gnu.org
238,Robinett,Sissens,rsissens6l@artisteer.com
239,Germayne,Baxstar,gbaxstar6m@ocn.ne.jp
240,Letti,Evett,levett6n@mtv.com
241,Darn,Worsnop,dworsnop6o@time.com
242,Aurelea,Gyver,agyver6p@multiply.com
243,Malachi,Selwood,mselwood6q@yahoo.co.jp
244,Jacinda,Robertet,jrobertet6r@hhs.gov
245,Marcy,McKomb,mmckomb6s@moonfruit.com
246,Madalyn,Binion,mbinion6t@symantec.com
247,Cornie,Wolledge,cwolledge6u@gmpg.org
248,Moore,Geering,mgeering6v@fastcompany.com
249,Dur,Abramcik,dabramcik6w@hibu.com
250,Omero,Rusk,orusk6x@indiatimes.com
251,Patrizio,Creavin,pcreavin6y@pbs.org
252,Yuma,Davey,ydavey6z@nature.com
253,James,Burkman,jburkman70@prweb.com
254,Kingston,Bown,kbown71@cbslocal.com
255,Austina,Hattersley,ahattersley72@wix.com
256,Zondra,Akester,zakester73@theglobeandmail.com
257,Lexi,McCathie,lmccathie74@businesswire.com
258,Tomkin,Brayson,tbrayson75@example.com
259,Lorine,Strudwick,lstrudwick76@nifty.com
260,Shaun,Frossell,sfrossell77@aboutads.info
261,Lishe,de Tocqueville,ldetocqueville78@google.fr
262,Olvan,McCreery,omccreery79@wikispaces.com
263,Ellis,Broady,ebroady7a@earthlink.net
264,Ermin,Hawkslee,ehawkslee7b@tamu.edu
265,Grant,Philipsohn,gphilipsohn7c@jimdo.com
266,Harmonia,Cohr,hcohr7d@wp.com
267,Ardeen,Calcraft,acalcraft7e@biglobe.ne.jp
268,Devlen,Idwal Evans,didwalevans7f@livejournal.com
269,Tallie,Sharkey,tsharkey7g@mayoclinic.com
270,Mercie,Torresi,mtorresi7h@usgs.gov
271,Ermin,Ghio,eghio7i@bluehost.com
272,Edgar,Cadany,ecadany7j@yahoo.co.jp
273,Chalmers,Hugland,chugland7k@wisc.edu
274,Clementina,Monkman,cmonkman7l@youtu.be
275,Allina,Stoite,astoite7m@spotify.com
276,Tyrus,Fierman,tfierman7n@mail.ru
277,Stearne,Tomlinson,stomlinson7o@example.com
278,Amara,Prettyjohns,aprettyjohns7p@eventbrite.com
279,Idelle,Lukesch,ilukesch7q@wufoo.com
280,Che,Diaper,cdiaper7r@wired.com
281,Maribelle,Milkins,mmilkins7s@cnn.com
282,Berthe,Cutsforth,bcutsforth7t@t-online.de
283,Palmer,Ruffey,pruffey7u@java.com
284,Herta,Pouck,hpouck7v@mozilla.org
285,Levin,Yele,lyele7w@adobe.com
286,Debera,Spon,dspon7x@msn.com
287,Jarib,Maddams,jmaddams7y@cyberchimps.com
288,Alejoa,Brightling,abrightling7z@hc360.com
289,Jade,Pilger,jpilger80@psu.edu
290,Pyotr,Driver,pdriver81@lycos.com
291,Brook,Brotherheed,bbrotherheed82@unc.edu
292,Magdalena,Guiu,mguiu83@ebay.com
293,Wendye,Romans,wromans84@cloudflare.com
294,Boyce,Le Hucquet,blehucquet85@xinhuanet.com
295,Nate,Konzelmann,nkonzelmann86@timesonline.co.uk
296,Britte,Culshaw,bculshaw87@walmart.com
297,Farrel,Ewbanche,fewbanche88@cam.ac.uk
298,Lani,Thickens,lthickens89@networksolutions.com
299,Jeremiah,Dhillon,jdhillon8a@i2i.jp
300,Ignacio,McCurdy,imccurdy8b@hostgator.com
